record_code,format_version,submission_date,reporting_agency,sampling_agency,catch_sample_id,species,catch_year,period_type,period,first_period,last_period,fishery,adclip_selective_fishery,estimation_level,catch_location_code,detection_method,sample_type,sampled_maturity,sampled_run,sampled_length_range,sampled_sex,sampled_mark,number_caught,escapement_estimation_method,number_sampled,number_cwt_estimated,number_recovered_decoded,number_recovered_no_cwts,number_recovered_lost_cwts,number_recovered_unreadable,number_recovered_unresolved,number_recovered_not_processed,number_recovered_pseudotags,mr_1st_partition_size,mr_1st_sample_size,mr_1st_sample_known_ad_status,mr_1st_sample_obs_adclips,mr_2nd_partition_size,mr_2nd_sample_size,mr_2nd_sample_known_ad_status,mr_2nd_sample_obs_adclips,mark_rate,awareness_factor,sport_mark_incidence_sampl_size,sport_mark_inc_sampl_obs_adclips,catch_location_name,record_origin
"S","4.2","20190723","CDFW","CDFW","BUT54117","1","2017","1","01",,,"54","N","4","6FCSABUT","V","1",,"1",,,,"515","61","182","2.83",,,,,,,,"182","182","182","0",,,,,,,,,"BUTTE CREEK","N"
"S","4.2","20190723","CDFW","CDFW","BUT54317","1","2017","1","01",,,"54","N","4","6FCSABUT","V","1",,"3",,,,"105","12","105","1",,,,,,,,"105","105","105","0",,,,,,,,,"BUTTE CREEK","N"
"S","4.2","20190723","CDFW","CDFW","CLR54317","1","2017","1","01",,,"54","N","4","6FCSACLR","V","2",,"3",,,,"2353",,"99","1",,,,,,,,"99","99","99","0",,,,,,,,,"CLEAR CREEK","N"
"S","4.2","20190723","CDFW","CDFW","COT54317","1","2017","1","01",,,"54","N","4","6FCSACOT","V","2",,"3",,,,"124",,"124",,,,,,,,,"124","124","124","0",,,,,,,,,"COTTONWOOD CREEK","N"
"S","4.2","20060710","CDFW","CDFW","5417012001","1","2001","1","01",,,"54",,"4","6FCSABUT","V","1",,"3",,,,"4103","61","1701","2.41","10","1",,,,,,"1701","1701","1701","11",,,,,"0.0065",,,,"BUTTE CREEK","N"
"S","4.2","20060710","CDFW","CDFW","5420012001","1","2001","1","01",,,"54",,"4","6FCSABUT","V","1",,"1",,,,"18505","61","11734","1.58","28","5",,,,,,"11734","11734","11734","33",,,,,"0.0028",,,,"BUTTE CREEK","N"
"S","4.2","20060710","CDFW","CDFW","5412012001","1","2001","1","01",,,"54",,"4","6FCSABAT","V","1",,"3",,,,"100604","61","23081","5.55","220","63","3",,,"73",,"23081","23081","23081","359",,,,,"0.0156",,,,"BATTLE CREEK BELOW CNFH","N"
"S","4.2","20220420","USFWS","USFWS","2013170204","1","2013","7","04",,,"50","N","6","6FCSABAT CNFH","V","1","4",,,,"5000","7",,"1","7","1","0","0","0","0","0","0","7","7","7","7",,,,,"1",,,,"COLEMAN NFH","N"
"S","4.2","20220420","USFWS","USFWS","2013170205","1","2013","7","05",,,"50","N","6","6FCSABAT CNFH","V","1","4",,,,"5000","18",,"4","4.5","4","0","0","0","0","0","0","18","18","18","18",,,,,"1",,,,"COLEMAN NFH","N"
"S","4.2","20220420","USFWS","USFWS","2013170206","1","2013","7","06",,,"50","N","6","6FCSABAT CNFH","V","1","4",,,,"5000","247",,"43","5.72","43","0","0","0","0","0","0","247","247","247","246",,,,,"0.996",,,,"COLEMAN NFH","N"
"S","4.2","20220420","USFWS","USFWS","2013170207","1","2013","7","07",,,"50","N","6","6FCSABAT CNFH","V","1","4",,,,"5000","137",,"132","1.03","132","0","0","0","0","0","0","137","137","136","136",,,,,"1",,,,"COLEMAN NFH","N"
"S","4.2","20220420","USFWS","USFWS","2013170208","1","2013","7","08",,,"50","N","6","6FCSABAT CNFH","V","1","4",,,,"5000","579",,"563","1.02","563","0","0","0","0","0","0","579","579","572","572",,,,,"1",,,,"COLEMAN NFH","N"
"S","4.2","20220420","USFWS","USFWS","2013170209","1","2013","7","09",,,"50","N","6","6FCSABAT CNFH","V","1","4",,,,"5000","7",,"7","1","7","0","0","0","0","0","0","7","7","7","7",,,,,"1",,,,"COLEMAN NFH","N"
"S","4.2","20220420","USFWS","USFWS","2013170210","1","2013","7","10",,,"50","N","6","6FCSABAT CNFH","V","1","4",,,,"5000","31",,"30","1","30","0","0","0","0","0","0","31","31","31","30",,,,,"0.9677",,,,"COLEMAN NFH","N"
"S","4.2","20220420","USFWS","USFWS","2013170211","1","2013","7","11",,,"50","N","6","6FCSABAT CNFH","V","1","4",,,,"5000","2",,"2","1","2","0","0","0","0","0","0","2","2","2","2",,,,,"1",,,,"COLEMAN NFH","N"
"S","4.2","20220420","USFWS","USFWS","2013170212","1","2013","7","12",,,"50","N","6","6FCSABAT CNFH","V","1","4",,,,"5000","204",,"197","1.01","196","1","0","0","0","0","0","204","204","203","198",,,,,"0.9754",,,,"COLEMAN NFH","N"
"S","4.2","20220420","USFWS","USFWS","2013170213","1","2013","7","13",,,"50","N","6","6FCSABAT CNFH","V","1","4",,,,"5000","775",,"763","1","752","9","0","0","0","2","0","775","775","763","763",,,,,"1",,,,"COLEMAN NFH","N"
"S","4.2","20220420","USFWS","USFWS","2013170214","1","2013","7","14",,,"50","N","6","6FCSABAT CNFH","V","1","4",,,,"5000","205",,"202","1","201","1","0","0","0","0","0","205","205","203","202",,,,,"0.9951",,,,"COLEMAN NFH","N"
"S","4.2","20220420","USFWS","USFWS","2013170215","1","2013","7","15",,,"50","N","6","6FCSABAT CNFH","V","1","4",,,,"5000","40",,"37","1.08","37","0","0","0","0","0","0","40","40","40","40",,,,,"1",,,,"COLEMAN NFH","N"
"S","4.2","20220420","USFWS","USFWS","2013170216","1","2013","7","16",,,"50","N","6","6FCSABAT CNFH","V","1","4",,,,"5000","383",,"374","1.01","368","5","1","0","0","0","0","383","383","381","377",,,,,"0.9895",,,,"COLEMAN NFH","N"
"S","4.2","20220420","USFWS","USFWS","2013170217","1","2013","7","17",,,"50","N","6","6FCSABAT CNFH","V","1","4",,,,"5000","8",,"8","1","8","0","0","0","0","0","0","8","8","8","8",,,,,"1",,,,"COLEMAN NFH","N"
"S","4.2","20220420","USFWS","USFWS","2013170218","1","2013","7","18",,,"50","N","6","6FCSABAT CNFH","V","1","4",,,,"5000","309",,"306","1","301","5","0","0","0","0","0","309","309","309","306",,,,,"0.9903",,,,"COLEMAN NFH","N"
"S","4.2","20220420","USFWS","USFWS","2013170219","1","2013","7","19",,,"50","N","6","6FCSABAT CNFH","V","1","4",,,,"5000","13",,"13","1","13","0","0","0","0","0","0","13","13","13","13",,,,,"1",,,,"COLEMAN NFH","N"
"S","4.2","20220420","USFWS","USFWS","2013170220","1","2013","7","20",,,"50","N","6","6FCSABAT CNFH","V","1","4",,,,"5000","216",,"214","1","209","4","0","1","0","0","0","216","216","215","214",,,,,"0.9953",,,,"COLEMAN NFH","N"
"S","4.2","20220420","USFWS","USFWS","2013170221","1","2013","7","21",,,"50","N","6","6FCSABAT CNFH","V","1","4",,,,"5000","7",,"7","1","6","1","0","0","0","0","0","7","7","7","7",,,,,"1",,,,"COLEMAN NFH","N"
"S","4.2","20220420","USFWS","USFWS","2013170222","1","2013","7","22",,,"50","N","6","6FCSABAT CNFH","V","1","4",,,,"5000","105",,"105","1","105","0","0","0","0","0","0","105","105","105","105",,,,,"1",,,,"COLEMAN NFH","N"
"S","4.2","20220420","USFWS","USFWS","2013170223","1","2013","7","23",,,"50","N","6","6FCSABAT CNFH","V","1","4",,,,"5000","5",,"5","1","4","1","0","0","0","0","0","5","5","5","5",,,,,"1",,,,"COLEMAN NFH","N"
"S","4.2","20220420","USFWS","USFWS","2013170224","1","2013","7","24",,,"50","N","6","6FCSABAT CNFH","V","1","4",,,,"5000","120",,"120","1","118","2","0","0","0","0","0","120","120","119","120",,,,,"1",,,,"COLEMAN NFH","N"
"S","4.2","20220420","USFWS","USFWS","2013170225","1","2013","7","25",,,"50","N","6","6FCSABAT CNFH","V","1","4",,,,"5000","4",,"4","1","4","0","0","0","0","0","0","4","4","4","4",,,,,"1",,,,"COLEMAN NFH","N"
"S","4.2","20220420","USFWS","USFWS","2013170226","1","2013","7","26",,,"50","N","6","6FCSABAT CNFH","V","1","4",,,,"5000","134",,"132","1","131","1","0","0","0","0","0","134","134","134","132",,,,,"0.9851",,,,"COLEMAN NFH","N"
"S","4.2","20220420","USFWS","USFWS","2013170227","1","2013","7","27",,,"50","N","6","6FCSABAT CNFH","V","1","4",,,,"5000","5",,"5","1","5","0","0","0","0","0","0","5","5","5","5",,,,,"1",,,,"COLEMAN NFH","N"
"S","4.2","20040517","USFWS","USFWS","RCLSC14250","1","1988","6","42",,,"50","N","6","6FCSABAT CNFH","V","1","4",,,,,"2",,"2","1","2","0","0","0","0","0","0","2","2","2","2",,,,,"1",,,,"COLEMAN NFH","N"
"S","4.2","20040517","USFWS","USFWS","RCLFC14150","1","1988","6","41",,,"50","N","6","6FCSABAT CNFH","V","1","4",,,,,"1103",,"1103","1","30","1","5","0","0","0","0","1103","1103","1103","36",,,,,"0.0326",,,,"COLEMAN NFH","N"
"S","4.2","20040517","USFWS","USFWS","RCLFC14250","1","1988","6","42",,,"50","N","6","6FCSABAT CNFH","V","1","4",,,,,"2287",,"2287","1","62","3","3","0","0","0","0","2287","2287","2287","68",,,,,"0.0297",,,,"COLEMAN NFH","N"
"S","4.2","20040517","USFWS","USFWS","RCLFC14350","1","1988","6","43",,,"50","N","6","6FCSABAT CNFH","V","1","4",,,,,"3755",,"3755","1","76","6","3","0","0","0","0","3755","3755","3755","85",,,,,"0.0226",,,,"COLEMAN NFH","N"
"S","4.2","20040517","USFWS","USFWS","RCLFC14450","1","1988","6","44",,,"50","N","6","6FCSABAT CNFH","V","1","4",,,,,"3885",,"2496","1.56","57","2","3","0","0","2","0","2496","2496","2496","64",,,,,"0.0256",,,,"COLEMAN NFH","N"
"S","4.2","20040517","USFWS","USFWS","RCLFC14550","1","1988","6","45",,,"50","N","6","6FCSABAT CNFH","V","1","4",,,,,"2024",,"1440","1.41","28","5","0","0","0","0","0","1440","1440","1440","33",,,,,"0.0229",,,,"COLEMAN NFH","N"
"S","4.2","20040517","USFWS","USFWS","RCLFC14650","1","1988","6","46",,,"50","N","6","6FCSABAT CNFH","V","1","4",,,,,"603",,"603","1","3","0","0","0","0","0","0","603","603","603","3",,,,,"0.005",,,,"COLEMAN NFH","N"
"S","4.2","20040517","USFWS","USFWS","RCLFC14750","1","1988","6","47",,,"50","N","6","6FCSABAT CNFH","V","1","4",,,,,"211",,"211","1","2","0","0","0","0","0","0","211","211","211","2",,,,,"0.0095",,,,"COLEMAN NFH","N"
"S","4.2","20040517","USFWS","USFWS","RCLFC14850","1","1988","6","48",,,"50","N","6","6FCSABAT CNFH","V","1","4",,,,,"352",,"352","1","3","1","0","0","0","0","0","352","352","352","4",,,,,"0.0114",,,,"COLEMAN NFH","N"
"S","4.2","20040517","USFWS","USFWS","RCLFC14950","1","1988","6","49",,,"50","N","6","6FCSABAT CNFH","V","1","4",,,,,"257",,"257","1","2","0","0","0","0","0","0","257","257","257","2",,,,,"0.0078",,,,"COLEMAN NFH","N"
"S","4.2","20040517","USFWS","USFWS","RCLFC15050","1","1988","6","50",,,"50","N","6","6FCSABAT CNFH","V","1","4",,,,,"122",,"122","1","0","0","0","0","0","0","0","122","122","122","0",,,,,"0",,,,"COLEMAN NFH","N"
"S","4.2","20040517","USFWS","USFWS","RCLFC15150","1","1988","6","51",,,"50","N","6","6FCSABAT CNFH","V","1","4",,,,,"71",,"71","1","0","0","0","0","0","0","0","71","71","71","0",,,,,"0",,,,"COLEMAN NFH","N"
"S","4.2","20170207","CDFW","CDFW","54CLR315","1","2015","1","01",,,"54","N","4","6FCSACLR","V","1",,"3",,,,"8809","61","1778","8.3","246","10","14",,,"1",,"1778","1778","1778","271",,,,,"0.1524",,,,"CLEAR CREEK","N"
"S","4.2","20170207","CDFW","CDFW","54COT315","1","2015","1","01",,,"54","N","4","6FCSACOT","V","1",,"3",,,,"604","10","33","18.3","2",,,,,,,"33","33","33","2",,,,,"0.0606",,,,"COTTONWOOD CREEK","N"
"S","4.2","20150513","USFWS","USFWS","20111706","1","2011","1","01",,,"54","N",,"6FCSABAT","V","1","4",,,,"5000","107",,"107",,"103","1","3","0","0","0","0","107","107","106","106",,,,,"1",,,,"BATTLE CREEK BELOW CNFH","N"
"S","4.2","20150513","USFWS","USFWS","20111702","1","2011","1","01",,,"50","N","6","6FCSABAT CNFH","V","1","4",,,,"5000","4407",,"4407","1.03","4190","70","13","0","0","1","0","4407","4407","4385","4252",,,,,"0.969",,,,"COLEMAN NFH","N"
"S","4.2","20150513","USFWS","USFWS","20111302","1","2011","1","01",,,"50","N","6","6FCSABAT CNFH","V","1","4",,,,"5000","45741",,"45741","6.79","4896","70","27","4","0","2","0","45741","45741","45716","4974",,,,,"0.1088",,,,"COLEMAN NFH","N"
"S","4.2","20150513","USFWS","USFWS","20111305","1","2011","1","01",,,"54","N",,"6FCSABAT","V","4","4",,,,"5000",,,"6",,"2","4","0","0","0","0","0","6","6","6","2",,,,,"0.3333",,,,"BATTLE CREEK BELOW CNFH","N"
"S","4.2","20150513","USFWS","USFWS","20111708","1","2011","1","01",,,"54","N",,"6FCSACLR","V","4","4",,,,"5000",,,"5",,"5","0","0","0","0","0","0","5","5","5","5",,,,,"1",,,,"CLEAR CREEK","N"
"S","4.2","20150513","USFWS","USFWS","20111311","1","2011","1","01",,,"54","N",,"6FCSACLR","V","4","4",,,,"5000",,,"2",,"2","0","0","0","0","0","0","2","2","2","2",,,,,"1",,,,"CLEAR CREEK","N"
"S","4.2","20150513","USFWS","USFWS","20111309","1","2011","1","01",,,"54","N",,"6FCSACLR","V","4","4",,,,"5000",,,"4",,"1","3","0","0","0","0","0","4","4","1","1",,,,,"1",,,,"CLEAR CREEK","N"
"S","4.2","20150513","USFWS","USFWS","20111718","1","2011","1","01",,,"54","N",,"6FCSACOT","V","4","4",,,,"5000",,,"61",,"54","6","1","0","0","0","0","61","61","53","53",,,,,"1",,,,"COTTONWOOD CREEK","N"
"S","4.2","20030807","USFWS","USFWS","RCLLW10150","1","1992","1","01",,,"50","N","6","6FCSABAT CNFH","V","1","4",,,,,"905",,"905","1","59","4","0","0","0","0","0","905","905","905","63",,,,,"0.0696",,,,"COLEMAN NFH","N"
"S","4.2","20030807","USFWS","USFWS","RCLFC10150","1","1992","1","01",,,"50","N","6","6FCSABAT CNFH","V","1","4",,,,,"7275",,"7275","1","85","18","1","0","0","0","0","7275","7275","7275","104",,,,,"0.0143",,,,"COLEMAN NFH","N"
"S","4.2","20060517","USFWS","USFWS","19981301","1","1998","1","01",,,"50",,"6","6FCSABAT CNFH","V","1","4","3",,,"5000","42574",,"42574","1","1920","195","39","1","0","0","0","42574","42574","42574","2155",,,,,"0.0506",,,,"COLEMAN NFH","N"
"S","4.2","20060517","USFWS","USFWS","19981701","1","1998","1","01",,,"50",,"6","6FCSABAT CNFH","V","1","4","7",,,"5000","3184",,"3184","1","2984","139","40","3","0","0","0","3184","3184","3150","3132",,,,,"0.9837",,,,"COLEMAN NFH","N"
"S","4.2","20030902","USFWS","USFWS","32","1","1996","1","01",,,"50","N","5","6FCSABAT CNFH","V","1","4",,,,,"1560",,"1560","1","1497","29","31","0","0","3",,"1560","1560","1560","1560",,,,,,,,,"COLEMAN NFH","N"
"S","4.2","20030902","USFWS","USFWS","31","1","1996","1","01",,,"50","N","5","6FCSABAT CNFH","V","4","4",,,,,,,"1",,"1","0","0","0","0","0",,"1","1","1","1",,,,,,,,,"COLEMAN NFH","N"
"S","4.2","20030902","USFWS","USFWS","30","1","1996","1","01",,,"50","N","5","6FCSABAT CNFH","V","1","4",,,,,"21178",,"21178","1","279","40","11","1","0","1",,"21178","21178","21178","332",,,,,"0.0157",,,,"COLEMAN NFH","N"
"S","4.2","20030902","USFWS","USFWS","29","1","1996","1","01",,,"50","N","5","6FCSABAT CNFH","V","4","4",,,,,,,"1",,"1","0","0","0","0","0",,"1","1","1","1",,,,,,,,,"COLEMAN NFH","N"
"S","4.2","20210915","USFWS","USFWS","2014130201","1","2014","7","01",,,"50","N","6","6FCSABAT CNFH","V","1","4",,,,"5000","75",,"9","2.22","8","1","0","0","0","0","0","75","75","74","20",,,,,"0.2703",,,,"COLEMAN NFH","N"
"S","4.2","20210915","USFWS","USFWS","2014130202","1","2014","7","02",,,"50","N","6","6FCSABAT CNFH","V","1","4",,,,"5000","1798",,"419","1","414","5","0","0","0","0","0","1798","1798","1797","418",,,,,"0.2326",,,,"COLEMAN NFH","N"
"S","4.2","20210915","USFWS","USFWS","2014130203","1","2014","7","03",,,"50","N","6","6FCSABAT CNFH","V","1","4",,,,"5000","738",,"147","1","145","2","0","0","0","0","0","738","738","738","147",,,,,"0.1992",,,,"COLEMAN NFH","N"
"S","4.2","20210915","USFWS","USFWS","2014130204","1","2014","7","04",,,"50","N","6","6FCSABAT CNFH","V","1","4",,,,"5000","283",,"60","1.03","60","0","0","0","0","0","0","283","283","283","62",,,,,"0.2191",,,,"COLEMAN NFH","N"
"S","4.2","20150415","USFWS","USFWS","20101302","1","2010","1","01",,,"50","N","6","6FCSABAT CNFH","V","1","4",,,,"5000","17238",,"17238",,"4040","58","11","29",,"2",,"17238","17238","17238","4140",,,,,"0.2402",,,,"COLEMAN NFH","N"
"S","4.2","20150415","USFWS","USFWS","20101702","1","2010","1","01",,,"50","N","6","6FCSABAT CNFH","V","1","4",,,,"5000","5489",,"5489",,"4922","98","22","1",,,,"5489","5489","5488","4980",,,,,"0.9074",,,,"COLEMAN NFH","N"
"S","4.2","20150511","USFWS","USFWS","20121302","1","2012","1","01",,,"50","N","6","6FCSABAT CNFH","V","1","4",,,,"5000","86249",,"86249","4.78","4370","67","24","11","0","4","0","86249","86249","86223","21224",,,,,"0.2462",,,,"COLEMAN NFH","N"
"S","4.2","20150511","USFWS","USFWS","20121309","1","2012","1","01",,,"54","N","6","6FCSACLR","V","4","4",,,,"5000",,,"18",,"2","0","0","0","0","0","0","18","18","17","2",,,,,"0.1176",,,,"CLEAR CREEK","N"
"S","4.2","20150511","USFWS","USFWS","20121702","1","2012","1","01",,,"50","N","6","6FCSABAT CNFH","V","1","4",,,,"5000","2826",,"2826",,"2715","33","7","1","0","0","0","2826","2826","2787","2759",,,,,"0.99",,,,"COLEMAN NFH","N"
"S","4.2","20150511","USFWS","USFWS","20121706","1","2012","1","01",,,"54","N","6","6FCSABAT","V","1","4",,,,"5000","29",,"29",,"27","1","1","0","0","0","0","29","29","29","29",,,,,"1",,,,"BATTLE CREEK BELOW CNFH","N"
"S","4.2","20150511","USFWS","USFWS","20121717","1","2012","1","01",,,"54","N",,"6FCSACOT","V","4","4",,,,"5000",,,"284",,"67","12","1","0","0","1","0","284","284","271","81",,,,,"0.2509",,,,"COTTONWOOD CREEK","N"
"S","4.2","20150511","USFWS","USFWS","20121305","1","2012","1","01",,,"54","N",,"6FCSABAT","V","4","4",,,,"5000",,,"93",,"9","8","0","0","0","0","0","93","93","81","12",,,,,"0.1481",,,,"BATTLE CREEK BELOW CNFH","N"
"S","4.2","20150511","USFWS","USFWS","20121311","1","2012","1","01",,,"54","N",,"6FCSACLR","V","4","4",,,,"5000",,,"28",,"2","1","0","0","0","0","0","28","28","27","3",,,,,"0.1111",,,,"CLEAR CREEK","N"
"S","4.2","20160620","USFWS","USFWS","20081710","1","2008","1","01",,,"54","N","6","6FCSACLR","V","4","4",,,,"5000",,,"2",,"1",,"1",,,,,"2","2","1","1",,,,,"1",,,,"CLEAR CREEK","N"
"S","4.2","20160620","USFWS","USFWS","20081708","1","2008","1","01",,,"54","N","6","6FCSACLR","V","4","4",,,,"5000",,,"23",,"9","7",,,,,,"23","23","16","10",,,,,"0.625",,,,"CLEAR CREEK","N"
"S","4.2","20160620","USFWS","USFWS","20081311","1","2008","1","01",,,"54","N","6","6FCSACLR","V","4","4",,,,"5000",,,"32",,,"1",,,,,,"32","32","31","0",,,,,"0",,,,"CLEAR CREEK","N"
"S","4.2","20160620","USFWS","USFWS","20081309","1","2008","1","01",,,"54","N","6","6FCSACLR","V","4","4",,,,"5000",,,"39",,,"2",,,,,,"39","39","37","0",,,,,"0",,,,"CLEAR CREEK","N"
"S","4.2","20160621","USFWS","USFWS","20091302","1","2009","1","01",,,"50","N","6","6FCSABAT CNFH","V","1","4",,,,"5000","6154",,"6154",,"1279","39","6","3","0","0","0","6154","6154","6135","1489",,,,,"0.2427",,,,"COLEMAN NFH","N"
"S","4.2","20160621","USFWS","USFWS","20091702","1","2009","1","01",,,"50","N","6","6FCSABAT CNFH","V","1","4",,,,"5000","6500",,"6500",,"6091","178","62","24","0","0","0","6500","6500","6499","6355",,,,,"0.9778",,,,"COLEMAN NFH","N"
"S","4.2","20160621","USFWS","USFWS","20091311","1","2009","1","01",,,"54","N","6","6FCSACLR","V","4","4",,,,"5000",,,"67",,"3","0","0","0","0","0","0","67","67","67","3",,,,,"0.5",,,,"CLEAR CREEK","N"
"S","4.2","20160621","USFWS","USFWS","20091708","1","2009","1","01",,,"54","N","6","6FCSACLR","V","4","4",,,,"5000",,,"97",,"55","4","3","0","0","0","0","97","97","84","62",,,,,"0.7381",,,,"CLEAR CREEK","N"
"S","4.2","20160622","USFWS","USFWS","20071302","1","2007","1","01",,,"50","N","6","6FCSABAT CNFH","V","1","4",,,,"5000","11778",,"11778","1","137","21","1","0","0","0","0","11778","11778","11777","158",,,,,"0.0134",,,,"COLEMAN NFH","N"
"S","4.2","20160622","USFWS","USFWS","20071708","1","2007","1","01",,,"54","N","6","6FCSACLR","V","4","4",,,,"5000",,,"12",,"1","1","0","0","0","0","0","12","12","11","4",,,,,,,,,"CLEAR CREEK","N"
"S","4.2","20160622","USFWS","USFWS","20071715","1","2007","1","01",,,"54","N","6","6FCSABAT ACNH","V","4","4",,,,"5000",,,"3",,"2","1","0","0","0","0","0","3","3","3","0",,,,,,,,,"BATTLE CREEK ABOVE CNFH","N"
"S","4.2","20160622","USFWS","USFWS","20071311","1","2007","1","01",,,"54","N","6","6FCSACLR","V","4","4",,,,"5000",,,"32",,"0","2","0","0","0","0","0","32","32","31","1",,,,,,,,,"CLEAR CREEK","N"
"S","4.2","20160622","USFWS","USFWS","20071706","1","2007","1","01",,,"54","N","6","6FCSABAT CNFH","V","1","4",,,,"5000","331",,"331","1","213","12","4","0","0","0","0","331","331","331","229",,,,,"0.6918",,,,"COLEMAN NFH","N"
"S","4.2","20160622","USFWS","USFWS","20071702","1","2007","1","01",,,"50","N","6","6FCSABAT CNFH","V","1","4",,,,"5000","3386",,"3386","1","2864","106","27","6","0","0","0","3386","3386","3385","3002",,,,,"0.8868",,,,"COLEMAN NFH","N"
"S","4.2","20160622","USFWS","USFWS","20071714","1","2007","1","01",,,"54","N","6","6FCSACLR","V","4","4",,,,"5000",,,"34",,"0","1","0","0","0","0","0","34","34","33","0",,,,,,,,,"CLEAR CREEK","N"
"S","4.2","20160622","USFWS","USFWS","20071309","1","2007","1","01",,,"54","N","6","6FCSACLR","V","4","4",,,,"5000",,,"44",,"3","6","0","0","0","0","0","44","44","34","3",,,,,"0.0682",,,,"CLEAR CREEK","N"
"S","4.2","20160622","USFWS","USFWS","20071305","1","2007","1","01",,,"54","N","6","6FCSABAT CNFH","V","4","4",,,,"5000",,,"47",,"0","5","0","0","0","0","0","47","47","39","0",,,,,,,,,"COLEMAN NFH","N"
"S","4.2","20140421","USFWS","USFWS","COL1993CO7","1","1993","1","01",,,"50",,"6","6FCSABAT CNFH","V","1","4","7",,,,"779",,"799","1","325","19","2","1","0","0",,"799","799","799","347",,,,,,,,,"COLEMAN NFH","N"
"S","4.2","20140421","USFWS","USFWS","COL1993CO3","1","1993","1","01",,,"50",,"6","6FCSABAT CNFH","V","1","4","3",,,,"7588",,"7588","1","216","19","0","0","0","0",,"7588","7588","7588","235",,,,,,,,,"COLEMAN NFH","N"
"S","4.2","20160707","USFWS","USFWS","20061706","1","2006","1","01",,,"54","N","6","6FCSABAT CNFH","V","1","4",,,,"5000","302",,"302",,"155","7","2","0","0","0","0","302","302","302","164",,,,,"0.543",,,,"COLEMAN NFH","N"
"S","4.2","20160707","USFWS","USFWS","20061309","1","2006","1","01",,,"54","N","6","6FCSACLR","V","4","4",,,,"5000",,,"39",,"0","3","0","0","0","0","0","39","39","35","1",,,,,"0.0286",,,,"CLEAR CREEK","N"
"S","4.2","20160707","USFWS","USFWS","20061305","1","2006","1","01",,,"54","N","6","6FCSABAT ACNH","V","4","4",,,,"5000",,,"45",,"1","2","0","0","0","0","0","45","45","42","1",,,,,"0.0238",,,,"BATTLE CREEK ABOVE CNFH","N"
"S","4.2","20160707","USFWS","USFWS","20061702","1","2006","1","01",,,"50","N","6","6FCSABAT CNFH","V","1","4",,,,"5000","5114",,"5114",,"4218","167","42","25","0","0","0","5114","5114","5112","4451",,,,,"0.8707",,,,"COLEMAN NFH","N"
"S","4.2","20160707","USFWS","USFWS","20061302","1","2006","1","01",,,"50","N","6","6FCSABAT CNFH","V","1","4",,,,"5000","57711",,"57711",,"444","55","13","9","0","0","0","57711","57711","57700","510",,,,,"0.0088",,,,"COLEMAN NFH","N"
"S","4.2","20160707","USFWS","USFWS","20061708","1","2006","1","01",,,"54","N","6","6FCSACLR","V","4","4",,,,"5000",,,"6",,"0","2","0","0","0","0","0","6","6","4","0",,,,,"0",,,,"CLEAR CREEK","N"
"S","4.2","20091112","CDFW","CDFW","08BUT541","1","2008","1","01",,,"54","N","4","6FCSABUT","V","1","4","1",,,,"11136","61","1445","7.71","6",,,,,,,"1445","1445","1445","6",,,,,"0.0042",,,,"BUTTE CREEK","N"
"S","4.2","20091112","CDFW","CDFW","08CLR543","1","2008","1","01",,,"54","N","4","6FCSACLR","V","1","4","3",,,,"7677","61","3105","2.59","21","6","1",,,,,"3105","3105","3105","28",,,,,"0.009",,,,"CLEAR CREEK","N"
"S","4.2","20060710","CDFW","CDFW","5413012003","1","2003","1","01",,,"54",,"4","6FCSACLR","V","1",,"3",,,,"9475","61","4609","2.52","50","8",,"6",,"6",,"4609","4609","4609","70",,,,,"0.0152",,,,"CLEAR CREEK","N"
"S","4.2","20140113","CDFW","CDFW","BUT54312","1","2012","1","01",,,"54","N","4","6FCSABUT","V","1",,,,,,"813","61","358","2.27","32",,,,,,,"358","358","358","32",,,,,"0.0894",,,,"BUTTE CREEK","N"
"S","4.2","20140113","CDFW","CDFW","CLR54312","1","2012","1","01",,,"54","N","4","6FCSACLR","V","1",,,,,,"7631","61","580","6.14","141","4","1",,,"3",,"580","580","580","149",,,,,"0.2569",,,,"CLEAR CREEK","N"
"S","4.2","20140113","CDFW","CDFW","COT54312","1","2012","1","01",,,"54","N","4","6FCSACOT","V","1",,,,,,"2556","10","225","3.41","60","5",,,,,,"225","225","225","65",,,,,"0.2889",,,,"COTTONWOOD CREEK","N"
"S","4.2","20080324","CDFW","CDFW","5412053106","1","2006","1","01",,,"54",,"4","6FCSABUT","V","1",,"3",,,,"1920",,"1116","1.72","2","1","0","0","0","0","0","1116","1116","1116","3",,,,,"0.0027",,,,"BUTTE CREEK","N"
"S","4.2","20080324","CDFW","CDFW","5412051106","1","2006","1","01",,,"54",,"4","6FCSABUT","V","1",,"1",,,,"6547",,"4465","1.49","62","20","1","0","0","0","0","4465","4465","4465","83",,,,,"0.0186",,,,"BUTTE CREEK","N"
"S","4.2","20090316","CDFW","CDFW","FABUTSC07","1","2007","1","01",,,"54",,"4","6FCSABUT","V","1",,"1",,,,"6842",,"5020","1.36","62","16","0","0","0","0","0","5020","5020","5020","78",,,,,"0.0155",,,,"BUTTE CREEK","N"
"S","4.2","20090316","CDFW","CDFW","FACLRFC07","1","2007","1","01",,,"54",,"4","6FCSACLR","V","1",,"3",,,,"4129",,"2638","1.57","14","0","0","0","0","0","0","2638","2638","2638","14",,,,,"0.0053",,,,"CLEAR CREEK","N"
"S","4.2","20160620","USFWS","USFWS","20081706","1","2008","1","01",,,"54","N","6","6FCSABAT CNFH","V","1","4",,,,"5000","198",,"198",,"161","11","2",,,,,"198","198","198","173",,,,,"0.8737",,,,"COLEMAN NFH","N"
"S","4.2","20160620","USFWS","USFWS","20081702","1","2008","1","01",,,"50","N","6","6FCSABAT CNFH","V","1","4",,,,"5000","6143",,"6143",,"5653","299","87","63",,"9",,"6143","6143","6139","6110",,,,,"0.9952",,,,"COLEMAN NFH","N"
"S","4.2","20160620","USFWS","USFWS","20081302","1","2008","1","01",,,"50","N","6","6FCSABAT CNFH","V","1","4",,,,"5000","10635",,"10635",,"218","25","6","6",,,,"10635","10635","10632","252",,,,,"0.0237",,,,"COLEMAN NFH","N"
"S","4.2","20211001","USFWS","USFWS","2017170201","1","2017","11","01",,,"50","N","6","6FCSABAT CNFH","V","1","4","7",,,"5000","1",,"1","1","1","0","0","0","0","0","0","1","1","1","1",,,,,"1",,,,"COLEMAN NFH","N"
"S","4.2","20220420","USFWS","USFWS","2013130201","1","2013","7","01",,,"50","N","6","6FCSABAT CNFH","V","1","4",,,,"5000","1467",,"70","4.71","70","0","0","0","0","0","0","1467","1467","1467","330",,,,,"0.2249",,,,"COLEMAN NFH","N"
"S","4.2","20220420","USFWS","USFWS","2013130202","1","2013","7","02",,,"50","N","6","6FCSABAT CNFH","V","1","4",,,,"5000","1850",,"110","3.59","109","1","0","0","0","0","0","1850","1850","1850","395",,,,,"0.2135",,,,"COLEMAN NFH","N"
"S","4.2","20220420","USFWS","USFWS","2013130203","1","2013","7","03",,,"50","N","6","6FCSABAT CNFH","V","1","4",,,,"5000","4032",,"243","3.7","242","1","0","0","0","0","0","4032","4032","4032","898",,,,,"0.2227",,,,"COLEMAN NFH","N"
"S","4.2","20220420","USFWS","USFWS","2013130204","1","2013","7","04",,,"50","N","6","6FCSABAT CNFH","V","1","4",,,,"5000","2404",,"166","3.42","160","2","0","0","0","4","0","2404","2404","2404","567",,,,,"0.2359",,,,"COLEMAN NFH","N"
"S","4.2","20220420","USFWS","USFWS","2013130205","1","2013","7","05",,,"50","N","6","6FCSABAT CNFH","V","1","4",,,,"5000","2991",,"176","4.02","172","1","0","0","0","3","0","2991","2991","2991","707",,,,,"0.2364",,,,"COLEMAN NFH","N"
"S","4.2","20220420","USFWS","USFWS","2013130206","1","2013","7","06",,,"50","N","6","6FCSABAT CNFH","V","1","4",,,,"5000","1761",,"98","3.95","95","2","0","0","0","1","0","1761","1761","1760","387",,,,,"0.2199",,,,"COLEMAN NFH","N"
"S","4.2","20220420","USFWS","USFWS","2013130207","1","2013","7","07",,,"50","N","6","6FCSABAT CNFH","V","1","4",,,,"5000","4946",,"319","3.56","312","7","0","0","0","0","0","4946","4946","4946","1137",,,,,"0.2299",,,,"COLEMAN NFH","N"
"S","4.2","20220420","USFWS","USFWS","2013130208","1","2013","7","08",,,"50","N","6","6FCSABAT CNFH","V","1","4",,,,"5000","3236",,"210","3.59","205","4","1","0","0","0","0","3236","3236","3236","751",,,,,"0.2321",,,,"COLEMAN NFH","N"
"S","4.2","20220420","USFWS","USFWS","2013130209","1","2013","7","09",,,"50","N","6","6FCSABAT CNFH","V","1","4",,,,"5000","2263",,"146","3.67","144","1","1","0","0","0","0","2263","2263","2263","532",,,,,"0.2351",,,,"COLEMAN NFH","N"
"S","4.2","20220420","USFWS","USFWS","2013130210","1","2013","7","10",,,"50","N","6","6FCSABAT CNFH","V","1","4",,,,"5000","3793",,"246","3.65","241","4","1","0","0","0","0","3793","3793","3793","895",,,,,"0.236",,,,"COLEMAN NFH","N"
"S","4.2","20220420","USFWS","USFWS","2013130211","1","2013","7","11",,,"50","N","6","6FCSABAT CNFH","V","1","4",,,,"5000","5072",,"319","3.66","312","6","0","0","0","1","0","5072","5072","5072","1166",,,,,"0.2299",,,,"COLEMAN NFH","N"
"S","4.2","20220420","USFWS","USFWS","2013130212","1","2013","7","12",,,"50","N","6","6FCSABAT CNFH","V","1","4",,,,"5000","2861",,"165","3.68","162","2","0","0","0","1","0","2861","2861","2861","608",,,,,"0.2125",,,,"COLEMAN NFH","N"
"S","4.2","20220420","USFWS","USFWS","2013130213","1","2013","7","13",,,"50","N","6","6FCSABAT CNFH","V","1","4",,,,"5000","4981",,"302","3.52","294","8","0","0","0","0","0","4981","4981","4979","1063",,,,,"0.2135",,,,"COLEMAN NFH","N"
"S","4.2","20220420","USFWS","USFWS","2013130214","1","2013","7","14",,,"50","N","6","6FCSABAT CNFH","V","1","4",,,,"5000","4167",,"248","3.88","242","6","0","0","0","0","0","4167","4167","4167","961",,,,,"0.2306",,,,"COLEMAN NFH","N"
"S","4.2","20220420","USFWS","USFWS","2013130215","1","2013","7","15",,,"50","N","6","6FCSABAT CNFH","V","1","4",,,,"5000","2831",,"266","3.86","264","2","0","0","0","0","0","2831","2831","2831","1026",,,,,"0.3624",,,,"COLEMAN NFH","N"
"S","4.2","20220420","USFWS","USFWS","2013130216","1","2013","7","16",,,"50","N","6","6FCSABAT CNFH","V","1","4",,,,"5000","4201",,"258","3.48","251","7","0","0","0","0","0","4201","4201","4201","897",,,,,"0.2135",,,,"COLEMAN NFH","N"
"S","4.2","20220420","USFWS","USFWS","2013130217","1","2013","7","17",,,"50","N","6","6FCSABAT CNFH","V","1","4",,,,"5000","5135",,"307","3.84","301","5","1","0","0","0","0","5135","5135","5135","1175",,,,,"0.2288",,,,"COLEMAN NFH","N"
"S","4.2","20220420","USFWS","USFWS","2013130218","1","2013","7","18",,,"50","N","6","6FCSABAT CNFH","V","1","4",,,,"5000","4522",,"274","3.52","273","1","0","0","0","0","0","4522","4522","4521","965",,,,,"0.2134",,,,"COLEMAN NFH","N"
"S","4.2","20220420","USFWS","USFWS","2013130219","1","2013","7","19",,,"50","N","6","6FCSABAT CNFH","V","1","4",,,,"5000","2286",,"121","3.73","119","2","0","0","0","0","0","2286","2286","2286","451",,,,,"0.1973",,,,"COLEMAN NFH","N"
"S","4.2","20220420","USFWS","USFWS","2013130220","1","2013","7","20",,,"50","N","6","6FCSABAT CNFH","V","1","4",,,,"5000","1642",,"103","3.32","99","4","0","0","0","0","0","1642","1642","1642","342",,,,,"0.2083",,,,"COLEMAN NFH","N"
"S","4.2","20220420","USFWS","USFWS","2013130221","1","2013","7","21",,,"50","N","6","6FCSABAT CNFH","V","1","4",,,,"5000","640",,"36","3.42","36","0","0","0","0","0","0","640","640","640","123",,,,,"0.1922",,,,"COLEMAN NFH","N"
"S","4.2","20220420","USFWS","USFWS","2013130222","1","2013","7","22",,,"50","N","6","6FCSABAT CNFH","V","1","4",,,,"5000","1810",,"102","3.54","99","3","0","0","0","0","0","1810","1810","1809","361",,,,,"0.1996",,,,"COLEMAN NFH","N"
"S","4.2","20171213","CDFW","CDFW","54BUT116F","1","2016","1","01",,,"54","N","4","6FCSABUT","V","1",,"1",,,,"5731","62","672","8.53",,,,,,,,"672","672","672","0",,,,,,,,,"BUTTE CREEK","N"
"S","4.2","20171213","CDFW","CDFW","54BUT316","1","2016","1","01",,,"54","N","4","6FCSABUT","V","1",,"3",,,,"626",,"561","5.77","6",,,,,"25",,"561","561","561","31",,,,,"0.0553",,,,"BUTTE CREEK","N"
"S","4.2","20171213","CDFW","CDFW","54CLR316","1","2016","1","01",,,"54","N","4","6FCSACLR","V","2",,"3",,,,"2481",,"139","19.34","12",,,"1",,,,"139","139","139","13",,,,,"0.0935",,,,"CLEAR CREEK","N"
"S","4.2","20171213","CDFW","CDFW","54COT316","1","2016","1","01",,,"54","N","4","6FCSACOT","V","2",,"3",,,,"813",,"10","1","2",,,,,,,"10","10","10","2",,,,,"0.2",,,,"COTTONWOOD CREEK","N"
"S","4.2","20060119","USFWS","USFWS","RCLLW101","1","1985","1","01",,,"50","N","6","6FCSABAT CNFH","V","1","4",,,,,"1",,"1","1.12","1","0","0","0","0","0","0","1","1","1","1",,,,,"1",,,,"COLEMAN NFH","N"
"S","4.2","20220207","CDFW","CDFW","BAT54320","1","2020","1","01",,,"54","N","4","6FCSABAT","V","1",,"3",,,,"19055","14","19055","1",,,,,,,,"19055","19055","19055","0",,,,,,,,,"BATTLE CREEK BELOW CNFH","N"
"S","4.2","20220207","CDFW","CDFW","BUT54120","1","2020","1","01",,,"54","N","4","6FCSABUT","V","1",,"1",,,,"1281","61","680","1.88",,,,,,,,"680","680","680","0",,,,,,,,,"BUTTE CREEK","N"
"S","4.2","20220207","CDFW","CDFW","CLR54320D","1","2020","1","01",,,"54","N","4","6FCSACLR","V","1",,"3",,,,,"62","64","7.73","47","7","3","1",,,,"64","64","64","54",,,,,"0.8438",,,,"CLEAR CREEK","N"
"S","4.2","20220207","CDFW","CDFW","CLR54320F","1","2020","1","01",,,"54","N","4","6FCSACLR","V","1",,"3",,,,"6631","62","513","7.73","65",,,,,,,"513","513","513","69",,,,,"0.1345",,,,"CLEAR CREEK","N"
"S","4.2","20220207","CDFW","CDFW","COT54320","1","2020","1","01",,,"54","N","4","6FCSACOT","V","2",,"3",,,,"86",,"1",,,,,,,,,"1","1","1","0",,,,,,,,,"COTTONWOOD CREEK","N"
"S","4.2","20030902","USFWS","USFWS","28","1","1996","1","01",,,"50","N","4","6FCSABAT","V","4","4",,,,,,,"9",,"1","8","0","0","0","0",,"9","9","9","9",,,,,,,,,"BATTLE CREEK BELOW CNFH","N"
"S","4.2","20060119","USFWS","USFWS","RCLFC101","1","1985","1","01",,,"50","N","6","6FCSABAT CNFH","V","1","4",,,,,"24029",,"24029","1.12","596","102","5","2","0","19","0","24029","24029","24029","724",,,,,"0.0301",,,,"COLEMAN NFH","N"
"S","4.2","20030807","USFWS","USFWS","RCLFC101","1","1986","1","01",,,"50","N","6","6FCSABAT CNFH","V","1","4",,,,,"20680",,"20680","1.36","590","38","8","3","2","1","0","20680","20680","20680","642",,,,,"0.031",,,,"COLEMAN NFH","N"
"S","4.2","20030807","USFWS","USFWS","RCLFC101","1","1987","1","01",,,"50","N","6","6FCSABAT CNFH","V","1","4",,,,,"18904",,"18904","1","443","42","3","0","0","0","0","18904","18904","18904","488",,,,,"0.0258",,,,"COLEMAN NFH","N"
"S","4.2","20030807","USFWS","USFWS","RCLSC101","1","1987","1","01",,,"50","N","6","6FCSABAT CNFH","V","1","4",,,,,"6",,"6","1","5","1","0","0","0","0","0","6","6","6","6",,,,,"1",,,,"COLEMAN NFH","N"
"S","4.2","20030807","USFWS","USFWS","RCLFC152","1","1989","6","52",,,"50","N","6","6FCSABAT CNFH","V","1","4",,,,,"26",,"26","1","0","0","0","0","0","0","0","26","26","26","0",,,,,"0",,,,"COLEMAN NFH","N"
"S","4.2","20030807","USFWS","USFWS","RCLFC151","1","1989","6","51",,,"50","N","6","6FCSABAT CNFH","V","1","4",,,,,"32",,"32","1","0","0","0","0","0","0","0","32","32","32","0",,,,,"0",,,,"COLEMAN NFH","N"
"S","4.2","20030807","USFWS","USFWS","RCLFC150","1","1989","6","50",,,"50","N","6","6FCSABAT CNFH","V","1","4",,,,,"43",,"43","1","0","0","0","0","0","0","0","43","43","43","0",,,,,"0",,,,"COLEMAN NFH","N"
"S","4.2","20030807","USFWS","USFWS","RCLFC149","1","1989","6","49",,,"50","N","6","6FCSABAT CNFH","V","1","4",,,,,"66",,"66","1","0","0","0","0","0","0","0","66","66","66","0",,,,,"0",,,,"COLEMAN NFH","N"
"S","4.2","20030807","USFWS","USFWS","RCLFC148","1","1989","6","48",,,"50","N","6","6FCSABAT CNFH","V","1","4",,,,,"51",,"51","1","0","0","0","0","0","0","0","51","51","51","0",,,,,"0",,,,"COLEMAN NFH","N"
"S","4.2","20030807","USFWS","USFWS","RCLFC147","1","1989","6","47",,,"50","N","6","6FCSABAT CNFH","V","1","4",,,,,"226",,"226","1","3","1","0","0","0","0","0","226","226","226","4",,,,,"0.0177",,,,"COLEMAN NFH","N"
"S","4.2","20030807","USFWS","USFWS","RCLFC146","1","1989","6","46",,,"50","N","6","6FCSABAT CNFH","V","1","4",,,,,"482",,"482","1","5","0","0","0","0","0","0","482","482","482","5",,,,,"0.0104",,,,"COLEMAN NFH","N"
"S","4.2","20030807","USFWS","USFWS","RCLFC145","1","1989","6","45",,,"50","N","6","6FCSABAT CNFH","V","1","4",,,,,"1320",,"1320","1","24","4","2","0","0","0","0","1320","1320","1320","30",,,,,"0.0227",,,,"COLEMAN NFH","N"
"S","4.2","20030807","USFWS","USFWS","RCLFC144","1","1989","6","44",,,"50","N","6","6FCSABAT CNFH","V","1","4",,,,,"2650",,"2650","1","33","9","3","0","0","0","0","2650","2650","2650","45",,,,,"0.017",,,,"COLEMAN NFH","N"
"S","4.2","20030807","USFWS","USFWS","RCLFC143","1","1989","6","43",,,"50","N","6","6FCSABAT CNFH","V","1","4",,,,,"2892",,"2892","1","51","1","0","0","0","0","0","2892","2892","2892","52",,,,,"0.018",,,,"COLEMAN NFH","N"
"S","4.2","20030807","USFWS","USFWS","RCLFC142","1","1989","6","42",,,"50","N","6","6FCSABAT CNFH","V","1","4",,,,,"2463",,"2463","1","22","2","0","0","0","0","0","2463","2463","2463","24",,,,,"0.0097",,,,"COLEMAN NFH","N"
"S","4.2","20030807","USFWS","USFWS","RCLFC141","1","1989","6","41",,,"50","N","6","6FCSABAT CNFH","V","1","4",,,,,"1968",,"1968","1","6","1","0","0","0","0","0","1968","1968","1968","7",,,,,"0.0036",,,,"COLEMAN NFH","N"
"S","4.2","20030807","USFWS","USFWS","RCLLW101","1","1991","1","01",,,"50","N","6","6FCSABAT CNFH","V","1","4",,,,,"743",,"743","1","1","2","0","0","0","0","0","743","743","743","3",,,,,"0.004",,,,"COLEMAN NFH","N"
"S","4.2","20030807","USFWS","USFWS","RCLFC101","1","1991","1","01",,,"50","N","6","6FCSABAT CNFH","V","1","4",,,,,"10689",,"10689","1","97","22","3","0","0","0","0","10689","10689","10689","122",,,,,"0.0114",,,,"COLEMAN NFH","N"
"S","4.2","20030529","USFWS","USFWS","29","1","1994","1","01",,,"50","N","5","6FCSABAT CNFH","V","1","4","3",,,,"18991",,"18991","1","436","35","3","2","0","2",,"18991","18991","18991","478",,,,,,,,,"COLEMAN NFH","N"
"S","4.2","20060412","USFWS","USFWS","23","1","1997","1","01",,,"50","N","4","6FCSABAT","V","4","4",,,,,,,"1",,"1","0","0","0","0","0",,"1","1","1","1",,,,,"1",,,,"BATTLE CREEK BELOW CNFH","N"
"S","4.2","20060412","USFWS","USFWS","25","1","1997","1","01",,,"50","N","4","6FCSABAT","V","4","4",,,,,,,"17",,"15","2","0","0","0","0",,"17","17","17","17",,,,,"1",,,,"BATTLE CREEK BELOW CNFH","N"
"S","4.2","20060412","USFWS","USFWS","24","1","1997","1","01",,,"50","N","4","6FCSABAT","V","4","4",,,,,,,"50",,"23","27","0","0","0","0",,"50","50","50","50",,,,,"1",,,,"BATTLE CREEK BELOW CNFH","N"
"S","4.2","20060412","USFWS","USFWS","26","1","1997","1","01",,,"50","N","6","6FCSABAT CNFH","V","4","4",,,,,,,"1",,"1","0","0","0","0","0",,"1","1","1","1",,,,,"1",,,,"COLEMAN NFH","N"
"S","4.2","20060412","USFWS","USFWS","27","1","1997","1","01",,,"50","N","6","6FCSABAT CNFH","V","1","4",,,,,"4578",,"4578","1","4311","112","110","3","1","0",,"4578","4578","4578","4537",,,,,"0.991",,,,"COLEMAN NFH","N"
"S","4.2","20050408","USFWS","USFWS","RCLUC101","1","1981","1","01",,,"50","N","6","6FCSABAT CNFH","V","1","4",,,,,"13342",,"13342","1","225","56","3","0","0","0","0","13342","13342","13342","284",,,,,"0.0213",,,,"COLEMAN NFH","N"
"S","4.2","20050412","USFWS","USFWS","RCLUC101","1","1982","1","01",,,"50","N","6","6FCSABAT CNFH","V","1","4",,,,,"17672",,"17672","1","261","51","2","0","0","0","0","17672","17672","17672","314",,,,,"0.0178",,,,"COLEMAN NFH","N"
"S","4.2","20060710","CDFW","CDFW","5412012003","1","2003","1","01",,,"54",,"4","6FCSABAT","V","1",,"3",,,,"64764","61","945","101.22","65","8","1","30",,,,"945","945","945","104",,,,,"0.1101",,,,"BATTLE CREEK BELOW CNFH","N"
"S","4.2","20080605","CDFW","CDFW","FACLRFC05","1","2005","1","01",,,"54",,"4","6FCSACLR","V","1",,"3",,,,"14824",,"5619","2.64","11","5","0","0","0","0","0","5619","5619","5619","16",,,,,"0.0028",,,,"CLEAR CREEK","N"
"S","4.2","20120210","CDFW","CDFW","BUT54310","1","2010","1","01",,,"54","N","4","6FCSABUT","V","1","4","3",,,,"370","61","83","4.46","3",,,,,,,"83","83","83","3",,,,,"0.0361",,,,"BUTTE CREEK","N"
"S","4.2","20120210","CDFW","CDFW","BUT54110","1","2010","1","01",,,"54","N","4","6FCSABUT","V","1","4","1",,,,"1979","61","1113","1.78","16","5",,,,,,"1113","1113","1113","21",,,,,"0.0189",,,,"BUTTE CREEK","N"
"S","4.2","20120210","CDFW","CDFW","CLR54310","1","2010","1","01",,,"54","N","4","6FCSACLR","V","1","4","3",,,,"7192","61","1496","4.81","19",,,,,,,"1496","1496","1496","19",,,,,"0.0127",,,,"CLEAR CREEK","N"
"S","4.2","20160510","CDFW","CDFW","CLR54314","1","2014","1","01",,,"54","N","4","6FCSACLR","V","1",,"3",,,,"15794","61","977","16.26","165","6","1",,,,,"977","977","977","172",,,,,"0.176",,,,"CLEAR CREEK","N"
"S","4.2","20160510","CDFW","CDFW","COT54314","1","2014","1","01",,,"54","N","4","6FCSACOT","V","1",,"3",,,,"1940","10","108","17.96","11",,,,,,,"108","108","108","11",,,,,"0.1019",,,,"COTTONWOOD CREEK","N"
"S","4.2","20160510","CDFW","CDFW","BUT54314","1","2014","1","01",,,"54","N","4","6FCSABUT","V","1",,"3",,,,"1412","61","717","1.97","40","4",,,,,,"717","717","717","44",,,,,"0.0614",,,,"BUTTE CREEK","N"
"S","4.2","20210915","USFWS","USFWS","2014130205","1","2014","7","05",,,"50","N","6","6FCSABAT CNFH","V","1","4",,,,"5000","550",,"143","1","141","2","0","0","0","0","0","550","550","547","141",,,,,"0.2578",,,,"COLEMAN NFH","N"
"S","4.2","20210915","USFWS","USFWS","2014130206","1","2014","7","06",,,"50","N","6","6FCSABAT CNFH","V","1","4",,,,"5000","851",,"180","1.01","173","5","2","0","0","0","0","851","851","851","180",,,,,"0.2115",,,,"COLEMAN NFH","N"
"S","4.2","20210915","USFWS","USFWS","2014130207","1","2014","7","07",,,"50","N","6","6FCSABAT CNFH","V","1","4",,,,"5000","988",,"249","1","243","4","0","2","0","0","0","988","988","983","244",,,,,"0.2482",,,,"COLEMAN NFH","N"
"S","4.2","20210915","USFWS","USFWS","2014130208","1","2014","7","08",,,"50","N","6","6FCSABAT CNFH","V","1","4",,,,"5000","1530",,"317","1","311","6","0","0","0","0","0","1530","1530","1527","314",,,,,"0.2056",,,,"COLEMAN NFH","N"
"S","4.2","20210915","USFWS","USFWS","2014130209","1","2014","7","09",,,"50","N","6","6FCSABAT CNFH","V","1","4",,,,"5000","1585",,"402","1","389","12","1","0","0","0","0","1585","1585","1582","399",,,,,"0.2522",,,,"COLEMAN NFH","N"
"S","4.2","20210915","USFWS","USFWS","2014130210","1","2014","7","10",,,"50","N","6","6FCSABAT CNFH","V","1","4",,,,"5000","1810",,"496","1","483","11","2","0","0","0","0","1810","1810","1807","493",,,,,"0.2728",,,,"COLEMAN NFH","N"
"S","4.2","20210915","USFWS","USFWS","2014130211","1","2014","7","11",,,"50","N","6","6FCSABAT CNFH","V","1","4",,,,"5000","1875",,"336","1","329","7","0","0","0","0","0","1875","1875","1875","336",,,,,"0.1792",,,,"COLEMAN NFH","N"
"S","4.2","20210915","USFWS","USFWS","2014130212","1","2014","7","12",,,"50","N","6","6FCSABAT CNFH","V","1","4",,,,"5000","919",,"237","1","228","5","1","2","0","1","0","919","919","915","233",,,,,"0.2546",,,,"COLEMAN NFH","N"
"S","4.2","20210915","USFWS","USFWS","2014130213","1","2014","7","13",,,"50","N","6","6FCSABAT CNFH","V","1","4",,,,"5000","1105",,"277","1","267","9","1","0","0","0","0","1105","1105","1103","275",,,,,"0.2493",,,,"COLEMAN NFH","N"
"S","4.2","20210915","USFWS","USFWS","2014130214","1","2014","7","14",,,"50","N","6","6FCSABAT CNFH","V","1","4",,,,"5000","638",,"117","1","116","1","0","0","0","0","0","638","638","637","116",,,,,"0.1821",,,,"COLEMAN NFH","N"
"S","4.2","20210915","USFWS","USFWS","2014130215","1","2014","7","15",,,"50","N","6","6FCSABAT CNFH","V","1","4",,,,"5000","942",,"221","1","211","7","2","0","0","1","0","942","942","936","215",,,,,"0.2297",,,,"COLEMAN NFH","N"
"S","4.2","20210915","USFWS","USFWS","2014130216","1","2014","7","16",,,"50","N","6","6FCSABAT CNFH","V","1","4",,,,"5000","1048",,"218","1","210","6","2","0","0","0","0","1048","1048","1047","217",,,,,"0.2073",,,,"COLEMAN NFH","N"
"S","4.2","20210915","USFWS","USFWS","2014130217","1","2014","7","17",,,"50","N","6","6FCSABAT CNFH","V","1","4",,,,"5000","1097",,"286","1","280","6","0","0","0","0","0","1097","1097","1094","283",,,,,"0.2587",,,,"COLEMAN NFH","N"
"S","4.2","20210915","USFWS","USFWS","2014130218","1","2014","7","18",,,"50","N","6","6FCSABAT CNFH","V","1","4",,,,"5000","700",,"151","1.02","142","7","1","1","0","0","0","700","700","700","152",,,,,"0.2171",,,,"COLEMAN NFH","N"
"S","4.2","20210915","USFWS","USFWS","2014130219","1","2014","7","19",,,"50","N","6","6FCSABAT CNFH","V","1","4",,,,"5000","417",,"56","1.02","50","4","1","1","0","0","0","417","417","416","55",,,,,"0.1322",,,,"COLEMAN NFH","N"
"S","4.2","20210915","USFWS","USFWS","2014130220","1","2014","7","20",,,"50","N","6","6FCSABAT CNFH","V","1","4",,,,"5000","23",,"1","1","1","0","0","0","0","0","0","23","23","23","1",,,,,"0.0435",,,,"COLEMAN NFH","N"
"S","4.2","20210915","USFWS","USFWS","2014130221","1","2014","7","21",,,"50","N","6","6FCSABAT CNFH","V","1","4",,,,"5000","39",,"26","1","6","19","0","0","0","1","0","39","39","24","11",,,,,"0.4583",,,,"COLEMAN NFH","N"
"S","4.2","20210915","USFWS","USFWS","2014130222","1","2014","7","22",,,"50","N","6","6FCSABAT CNFH","V","1","4",,,,"5000","236",,"2",,"0","2","0","0","0","0","0","236","236","234","0",,,,,"0",,,,"COLEMAN NFH","N"
"S","4.2","20210915","USFWS","USFWS","2014130223","1","2014","7","23",,,"50","N","6","6FCSABAT CNFH","V","1","4",,,,"5000","30",,"22","1","9","11","1","1","0","0","0","30","30","19","11",,,,,"0.5789",,,,"COLEMAN NFH","N"
"S","4.2","20210915","USFWS","USFWS","2014170201","1","2014","7","01",,,"50","N","6","6FCSABAT CNFH","V","1","4",,,,"5000","3",,"1","3","1","0","0","0","0","0","0","3","3","3","3",,,,,"1",,,,"COLEMAN NFH","N"
"S","4.2","20210915","USFWS","USFWS","2014170202","1","2014","7","02",,,"50","N","6","6FCSABAT CNFH","V","1","4",,,,"5000","41",,"10","4.1","10","0","0","0","0","0","0","41","41","41","41",,,,,"1",,,,"COLEMAN NFH","N"
"S","4.2","20210915","USFWS","USFWS","2014170203","1","2014","7","03",,,"50","N","6","6FCSABAT CNFH","V","1","4",,,,"5000","165",,"31","5.32","31","0","0","0","0","0","0","165","165","165","165",,,,,"1",,,,"COLEMAN NFH","N"
"S","4.2","20210915","USFWS","USFWS","2014170204","1","2014","7","04",,,"50","N","6","6FCSABAT CNFH","V","1","4",,,,"5000","128",,"128","1","128","0","0","0","0","0","0","128","128","128","128",,,,,"1",,,,"COLEMAN NFH","N"
"S","4.2","20210915","USFWS","USFWS","2014170205","1","2014","7","05",,,"50","N","6","6FCSABAT CNFH","V","1","4",,,,"5000","129",,"111","1","111","0","0","0","0","0","0","129","129","129","111",,,,,"0.8605",,,,"COLEMAN NFH","N"
"S","4.2","20210915","USFWS","USFWS","2014170206","1","2014","7","06",,,"50","N","6","6FCSABAT CNFH","V","1","4",,,,"5000","299",,"287","1","287","0","0","0","0","0","0","299","299","293","281",,,,,"0.959",,,,"COLEMAN NFH","N"
"S","4.2","20210915","USFWS","USFWS","2014170207","1","2014","7","07",,,"50","N","6","6FCSABAT CNFH","V","1","4",,,,"5000","568",,"555","1","550","5","0","0","0","0","0","568","568","568","555",,,,,"0.9771",,,,"COLEMAN NFH","N"
"S","4.2","20210915","USFWS","USFWS","2014170208","1","2014","7","08",,,"50","N","6","6FCSABAT CNFH","V","1","4",,,,"5000","309",,"299","1","295","3","1","0","0","0","0","309","309","307","297",,,,,"0.9674",,,,"COLEMAN NFH","N"
"S","4.2","20210915","USFWS","USFWS","2014170209","1","2014","7","09",,,"50","N","6","6FCSABAT CNFH","V","1","4",,,,"5000","334",,"329","1","325","4","0","0","0","0","0","334","334","328","322",,,,,"0.9817",,,,"COLEMAN NFH","N"
"S","4.2","20210915","USFWS","USFWS","2014170210","1","2014","7","10",,,"50","N","6","6FCSABAT CNFH","V","1","4",,,,"5000","1",,"1","1","1","0","0","0","0","0","0","1","1","1","1",,,,,"1",,,,"COLEMAN NFH","N"
"S","4.2","20210915","USFWS","USFWS","2014170211","1","2014","7","11",,,"50","N","6","6FCSABAT CNFH","V","1","4",,,,"5000","712",,"699","1","686","12","0","0","0","1","0","712","712","711","698",,,,,"0.9817",,,,"COLEMAN NFH","N"
"S","4.2","20210915","USFWS","USFWS","2014170212","1","2014","7","12",,,"50","N","6","6FCSABAT CNFH","V","1","4",,,,"5000","311",,"306","1","304","1","1","0","0","0","0","311","311","311","306",,,,,"0.9839",,,,"COLEMAN NFH","N"
"S","4.2","20210915","USFWS","USFWS","2014170213","1","2014","7","13",,,"50","N","6","6FCSABAT CNFH","V","1","4",,,,"5000","2",,"2","1","2","0","0","0","0","0","0","2","2","2","2",,,,,"1",,,,"COLEMAN NFH","N"
"S","4.2","20210915","USFWS","USFWS","2014170214","1","2014","7","14",,,"50","N","6","6FCSABAT CNFH","V","1","4",,,,"5000","623",,"606","1","599","5","1","1","0","0","0","623","623","621","604",,,,,"0.9726",,,,"COLEMAN NFH","N"
"S","4.2","20210915","USFWS","USFWS","2014170215","1","2014","7","15",,,"50","N","6","6FCSABAT CNFH","V","1","4",,,,"5000","10",,"10","1","10","0","0","0","0","0","0","10","10","9","9",,,,,"1",,,,"COLEMAN NFH","N"
"S","4.2","20210915","USFWS","USFWS","2014170216","1","2014","7","16",,,"50","N","6","6FCSABAT CNFH","V","1","4",,,,"5000","296",,"293","1","287","4","2","0","0","0","0","296","296","294","291",,,,,"0.9898",,,,"COLEMAN NFH","N"
"S","4.2","20210915","USFWS","USFWS","2014170217","1","2014","7","17",,,"50","N","6","6FCSABAT CNFH","V","1","4",,,,"5000","9",,"9","1","9","0","0","0","0","0","0","9","9","9","9",,,,,"1",,,,"COLEMAN NFH","N"
"S","4.2","20210915","USFWS","USFWS","2014170218","1","2014","7","18",,,"50","N","6","6FCSABAT CNFH","V","1","4",,,,"5000","654",,"642","1","638","4","0","0","0","0","0","654","654","651","639",,,,,"0.9816",,,,"COLEMAN NFH","N"
"S","4.2","20210915","USFWS","USFWS","2014170219","1","2014","7","19",,,"50","N","6","6FCSABAT CNFH","V","1","4",,,,"5000","212",,"208","1","205","3","0","0","0","0","0","212","212","208","206",,,,,"0.9904",,,,"COLEMAN NFH","N"
"S","4.2","20210915","USFWS","USFWS","2014170220","1","2014","7","20",,,"50","N","6","6FCSABAT CNFH","V","1","4",,,,"5000","1",,"1","1","1","0","0","0","0","0","0","1","1","1","1",,,,,"1",,,,"COLEMAN NFH","N"
"S","4.2","20210915","USFWS","USFWS","2014170221","1","2014","7","21",,,"50","N","6","6FCSABAT CNFH","V","1","4",,,,"5000","133",,"132","1","130","2","0","0","0","0","0","133","133","131","130",,,,,"0.9924",,,,"COLEMAN NFH","N"
"S","4.2","20210915","USFWS","USFWS","2014170222","1","2014","7","22",,,"50","N","6","6FCSABAT CNFH","V","1","4",,,,"5000","2",,"2","1","2","0","0","0","0","0","0","2","2","2","2",,,,,"1",,,,"COLEMAN NFH","N"
"S","4.2","20210915","USFWS","USFWS","2014170223","1","2014","7","23",,,"50","N","6","6FCSABAT CNFH","V","1","4",,,,"5000","6",,"5","1","5","0","0","0","0","0","0","6","6","5","5",,,,,"1",,,,"COLEMAN NFH","N"
"S","4.2","20210915","USFWS","USFWS","2014170224","1","2014","7","24",,,"50","N","6","6FCSABAT CNFH","V","1","4",,,,"5000","4",,"4","1","4","0","0","0","0","0","0","4","4","4","4",,,,,"1",,,,"COLEMAN NFH","N"
"S","4.2","20210929","USFWS","USFWS","2015170208","1","2015","11","08",,,"50","N","6","6FCSABAT CNFH","V","1","4","7",,,"5000","30",,"30","1","26","2","0","0","0","0","0","30","30","30","28",,,,,"0.9333",,,,"COLEMAN NFH","N"
"S","4.2","20210929","USFWS","USFWS","2015170209","1","2015","11","09",,,"50","N","6","6FCSABAT CNFH","V","1","4","7",,,"5000","252",,"252","1.01","241","6","1","1","0","0","0","252","252","252","249",,,,,"0.9881",,,,"COLEMAN NFH","N"
"S","4.2","20210929","USFWS","USFWS","2015170210","1","2015","11","10",,,"50","N","6","6FCSABAT CNFH","V","1","4","7",,,"5000","22",,"22","1","22","0","0","0","0","0","0","22","22","22","22",,,,,"1",,,,"COLEMAN NFH","N"
"S","4.2","20210929","USFWS","USFWS","2015170211","1","2015","11","11",,,"50","N","6","6FCSABAT CNFH","V","1","4","7",,,"5000","593",,"593","1.01","577","5","3","0","0","0","0","593","593","593","585",,,,,"0.9865",,,,"COLEMAN NFH","N"
"S","4.2","20210929","USFWS","USFWS","2015170212","1","2015","11","12",,,"50","N","6","6FCSABAT CNFH","V","1","4","7",,,"5000","479",,"479","1","467","9","1","0","0","0","0","479","479","479","477",,,,,"0.9958",,,,"COLEMAN NFH","N"
"S","4.2","20210929","USFWS","USFWS","2015170213","1","2015","11","13",,,"50","N","6","6FCSABAT CNFH","V","1","4","7",,,"5000","412",,"412","1.01","398","6","2","0","0","0","0","412","412","412","406",,,,,"0.9854",,,,"COLEMAN NFH","N"
"S","4.2","20210929","USFWS","USFWS","2015170214","1","2015","11","14",,,"50","N","6","6FCSABAT CNFH","V","1","4","7",,,"5000","158",,"158","1","155","3","0","0","0","0","0","158","158","158","158",,,,,"1",,,,"COLEMAN NFH","N"
"S","4.2","20210929","USFWS","USFWS","2015170215","1","2015","11","15",,,"50","N","6","6FCSABAT CNFH","V","1","4","7",,,"5000","727",,"727","1.01","705","3","4","0","0","0","0","727","727","727","712",,,,,"0.9794",,,,"COLEMAN NFH","N"
"S","4.2","20210929","USFWS","USFWS","2015170216","1","2015","11","16",,,"50","N","6","6FCSABAT CNFH","V","1","4","7",,,"5000","2",,"2","1","0","0","0","0","0","2","0","2","2","2","2",,,,,"1",,,,"COLEMAN NFH","N"
"S","4.2","20210929","USFWS","USFWS","2015170217","1","2015","11","17",,,"50","N","6","6FCSABAT CNFH","V","1","4","7",,,"5000","935",,"935","1","911","6","2","2","0","0","0","935","935","935","921",,,,,"0.985",,,,"COLEMAN NFH","N"
"S","4.2","20210929","USFWS","USFWS","2015170218","1","2015","11","18",,,"50","N","6","6FCSABAT CNFH","V","1","4","7",,,"5000","194",,"194","1.01","188","3","0","0","0","1","0","194","194","194","192",,,,,"0.9897",,,,"COLEMAN NFH","N"
"S","4.2","20210929","USFWS","USFWS","2015170220","1","2015","11","20",,,"50","N","6","6FCSABAT CNFH","V","1","4","7",,,"5000","689",,"689","1","668","7","1","2","0","0","0","689","689","689","678",,,,,"0.984",,,,"COLEMAN NFH","N"
"S","4.2","20210929","USFWS","USFWS","2015170221","1","2015","11","21",,,"50","N","6","6FCSABAT CNFH","V","1","4","7",,,"5000","18",,"18","1","15","2","0","0","0","0","0","18","18","18","17",,,,,"0.9444",,,,"COLEMAN NFH","N"
"S","4.2","20210929","USFWS","USFWS","2015170223","1","2015","11","23",,,"50","N","6","6FCSABAT CNFH","V","1","4","7",,,"5000","570",,"570","1","555","6","1","0","0","0","0","570","570","570","562",,,,,"0.986",,,,"COLEMAN NFH","N"
"S","4.2","20210929","USFWS","USFWS","2015170224","1","2015","11","24",,,"50","N","6","6FCSABAT CNFH","V","1","4","7",,,"5000","755",,"755","1.01","724","4","7","2","0","0","0","755","755","755","737",,,,,"0.9762",,,,"COLEMAN NFH","N"
"S","4.2","20210929","USFWS","USFWS","2015170225","1","2015","11","25",,,"50","N","6","6FCSABAT CNFH","V","1","4","7",,,"5000","7",,"7","1","7","0","0","0","0","0","0","7","7","7","7",,,,,"1",,,,"COLEMAN NFH","N"
"S","4.2","20210929","USFWS","USFWS","2015170226","1","2015","11","26",,,"50","N","6","6FCSABAT CNFH","V","1","4","7",,,"5000","229",,"229","1","218","5","0","0","0","0","0","229","229","229","223",,,,,"0.9738",,,,"COLEMAN NFH","N"
"S","4.2","20210929","USFWS","USFWS","2015170227","1","2015","11","27",,,"50","N","6","6FCSABAT CNFH","V","1","4","7",,,"5000","4",,"4","1","4","0","0","0","0","0","0","4","4","4","4",,,,,"1",,,,"COLEMAN NFH","N"
"S","4.2","20210929","USFWS","USFWS","2015170228","1","2015","11","28",,,"50","N","6","6FCSABAT CNFH","V","1","4","7",,,"5000","155",,"155","1.02","145","1","1","1","0","1","0","155","155","155","149",,,,,"0.9613",,,,"COLEMAN NFH","N"
"S","4.2","20210929","USFWS","USFWS","2015170229","1","2015","11","29",,,"50","N","6","6FCSABAT CNFH","V","1","4","7",,,"5000","3",,"3","1","3","0","0","0","0","0","0","3","3","3","3",,,,,"1",,,,"COLEMAN NFH","N"
"S","4.2","20210929","USFWS","USFWS","2015170230","1","2015","11","30",,,"50","N","6","6FCSABAT CNFH","V","1","4","7",,,"5000","20",,"20","1.05","18","1","0","0","0","1","0","20","20","20","20",,,,,"1",,,,"COLEMAN NFH","N"
"S","4.2","20210929","USFWS","USFWS","2015170231","1","2015","11","31",,,"50","N","6","6FCSABAT CNFH","V","1","4","7",,,"5000","2",,"2","1","1","0","0","0","0","0","0","2","2","2","1",,,,,"0.5",,,,"COLEMAN NFH","N"
"S","4.2","20210929","USFWS","USFWS","2015170232","1","2015","11","32",,,"50","N","6","6FCSABAT CNFH","V","1","4","7",,,"5000","78",,"78","1","77","1","0","0","0","0","0","78","78","78","78",,,,,"1",,,,"COLEMAN NFH","N"
"S","4.2","20210929","USFWS","USFWS","2015170233","1","2015","11","33",,,"50","N","6","6FCSABAT CNFH","V","1","4","7",,,"5000","4",,"4","1","4","0","0","0","0","0","0","4","4","4","4",,,,,"1",,,,"COLEMAN NFH","N"
"S","4.2","20210929","USFWS","USFWS","2015170234","1","2015","11","34",,,"50","N","6","6FCSABAT CNFH","V","1","4","7",,,"5000","45",,"45","1","44","1","0","0","0","0","0","45","45","45","45",,,,,"1",,,,"COLEMAN NFH","N"
"S","4.2","20210929","USFWS","USFWS","2015170235","1","2015","11","35",,,"50","N","6","6FCSABAT CNFH","V","1","4","7",,,"5000","5",,"5","1","5","0","0","0","0","0","0","5","5","5","5",,,,,"1",,,,"COLEMAN NFH","N"
"S","4.2","20210929","USFWS","USFWS","2015170601","1","2015","1","01",,,"54","N","6","6FCSABAT","V","1","4","7",,,"5000","137",,"51","4.38","26","1","0","0","0","17","0","137","137","137","44",,,,,"0.3212",,,,"BATTLE CREEK BELOW CNFH","N"
"S","4.2","20210929","USFWS","USFWS","2015130201","1","2015","11","01",,,"50","N","6","6FCSABAT CNFH","V","1","4","3",,,"5000","277",,"277","1.03","65","2","2","0","0","0","0","277","277","277","69",,,,,"0.2491",,,,"COLEMAN NFH","N"
"S","4.2","20210929","USFWS","USFWS","2015130202","1","2015","11","02",,,"50","N","6","6FCSABAT CNFH","V","1","4","3",,,"5000","443",,"443","1.02","89","1","2","0","0","0","0","443","443","443","92",,,,,"0.2077",,,,"COLEMAN NFH","N"
"S","4.2","20210929","USFWS","USFWS","2015130203","1","2015","11","03",,,"50","N","6","6FCSABAT CNFH","V","1","4","3",,,"5000","509",,"509","1","109","1","0","0","0","0","0","509","509","509","110",,,,,"0.2161",,,,"COLEMAN NFH","N"
"S","4.2","20210929","USFWS","USFWS","2015130204","1","2015","11","04",,,"50","N","6","6FCSABAT CNFH","V","1","4","3",,,"5000","803",,"803","1.01","180","2","1","0","0","0","0","803","803","803","183",,,,,"0.2279",,,,"COLEMAN NFH","N"
"S","4.2","20210929","USFWS","USFWS","2015130205","1","2015","11","05",,,"50","N","6","6FCSABAT CNFH","V","1","4","3",,,"5000","1018",,"1018","1.01","244","8","1","0","0","2","0","1018","1018","1018","255",,,,,"0.2505",,,,"COLEMAN NFH","N"
"S","4.2","20210929","USFWS","USFWS","2015130206","1","2015","11","06",,,"50","N","6","6FCSABAT CNFH","V","1","4","3",,,"5000","1663",,"1663","1","221","2","0","1","0","0","0","1663","1663","1663","224",,,,,"0.1347",,,,"COLEMAN NFH","N"
"S","4.2","20210929","USFWS","USFWS","2015130207","1","2015","11","07",,,"50","N","6","6FCSABAT CNFH","V","1","4","3",,,"5000","1204",,"1204","1","281","3","0","0","0","0","0","1204","1204","1204","284",,,,,"0.2359",,,,"COLEMAN NFH","N"
"S","4.2","20210929","USFWS","USFWS","2015130208","1","2015","11","08",,,"50","N","6","6FCSABAT CNFH","V","1","4","3",,,"5000","959",,"959","1.01","219","3","1","0","0","1","0","959","959","959","224",,,,,"0.2336",,,,"COLEMAN NFH","N"
"S","4.2","20210929","USFWS","USFWS","2015130209","1","2015","11","09",,,"50","N","6","6FCSABAT CNFH","V","1","4","3",,,"5000","1790",,"1790","1.01","309","13","2","1","0","1","0","1790","1790","1790","326",,,,,"0.1821",,,,"COLEMAN NFH","N"
"S","4.2","20210929","USFWS","USFWS","2015130210","1","2015","11","10",,,"50","N","6","6FCSABAT CNFH","V","1","4","3",,,"5000","1650",,"1650","1","311","2","0","0","0","0","0","1650","1650","1650","313",,,,,"0.1897",,,,"COLEMAN NFH","N"
"S","4.2","20210929","USFWS","USFWS","2015130211","1","2015","11","11",,,"50","N","6","6FCSABAT CNFH","V","1","4","3",,,"5000","2304",,"2304","1","424","9","0","0","0","2","0","2304","2304","2304","435",,,,,"0.1888",,,,"COLEMAN NFH","N"
"S","4.2","20210929","USFWS","USFWS","2015130212","1","2015","11","12",,,"50","N","6","6FCSABAT CNFH","V","1","4","3",,,"5000","649",,"649","1","122","1","0","0","0","0","0","649","649","649","123",,,,,"0.1895",,,,"COLEMAN NFH","N"
"S","4.2","20210929","USFWS","USFWS","2015130213","1","2015","11","13",,,"50","N","6","6FCSABAT CNFH","V","1","4","3",,,"5000","398",,"398","1","89","1","0","0","0","0","0","398","398","398","90",,,,,"0.2261",,,,"COLEMAN NFH","N"
"S","4.2","20210929","USFWS","USFWS","2015130214","1","2015","11","14",,,"50","N","6","6FCSABAT CNFH","V","1","4","3",,,"5000","519",,"519","1.02","119","1","2","0","0","0","0","519","519","519","122",,,,,"0.2351",,,,"COLEMAN NFH","N"
"S","4.2","20210929","USFWS","USFWS","2015130215","1","2015","11","15",,,"50","N","6","6FCSABAT CNFH","V","1","4","3",,,"5000","1291",,"1291","1.01","199","3","1","1","0","0","0","1291","1291","1291","204",,,,,"0.158",,,,"COLEMAN NFH","N"
"S","4.2","20210929","USFWS","USFWS","2015130216","1","2015","11","16",,,"50","N","6","6FCSABAT CNFH","V","1","4","3",,,"5000","174",,"174","1","45","1","0","0","0","0","0","174","174","174","46",,,,,"0.2644",,,,"COLEMAN NFH","N"
"S","4.2","20210929","USFWS","USFWS","2015130217","1","2015","11","17",,,"50","N","6","6FCSABAT CNFH","V","1","4","3",,,"5000","65",,"65","1","15","0","0","0","0","0","0","65","65","65","15",,,,,"0.2308",,,,"COLEMAN NFH","N"
"S","4.2","20210929","USFWS","USFWS","2015130218","1","2015","11","18",,,"50","N","6","6FCSABAT CNFH","V","1","4","3",,,"5000","4",,"4","1","4","0","0","0","0","0","0","4","4","4","4",,,,,"1",,,,"COLEMAN NFH","N"
"S","4.2","20210929","USFWS","USFWS","2015130219","1","2015","11","19",,,"50","N","6","6FCSABAT CNFH","V","1","4","3",,,"5000","3",,"3","1","3","0","0","0","0","0","0","3","3","3","3",,,,,"1",,,,"COLEMAN NFH","N"
"S","4.2","20210929","USFWS","USFWS","2015130220","1","2015","11","20",,,"50","N","6","6FCSABAT CNFH","V","1","4","3",,,"5000","2",,"2","1","2","0","0","0","0","0","0","2","2","2","2",,,,,"1",,,,"COLEMAN NFH","N"
"S","4.2","20210929","USFWS","USFWS","2015130221","1","2015","11","21",,,"50","N","6","6FCSABAT CNFH","V","1","4","3",,,"5000","1",,"1","1","1","0","0","0","0","0","0","1","1","1","1",,,,,"1",,,,"COLEMAN NFH","N"
"S","4.2","20210929","USFWS","USFWS","2015170201","1","2015","11","01",,,"50","N","6","6FCSABAT CNFH","V","1","4","7",,,"5000","1",,"1","1","1","0","0","0","0","0","0","1","1","1","1",,,,,"1",,,,"COLEMAN NFH","N"
"S","4.2","20210929","USFWS","USFWS","2015170202","1","2015","11","02",,,"50","N","6","6FCSABAT CNFH","V","1","4","7",,,"5000","1",,"1","1","1","0","0","0","0","0","0","1","1","1","1",,,,,"1",,,,"COLEMAN NFH","N"
"S","4.2","20210929","USFWS","USFWS","2015170203","1","2015","11","03",,,"50","N","6","6FCSABAT CNFH","V","1","4","7",,,"5000","14",,"14","1","14","0","0","0","0","0","0","14","14","14","14",,,,,"1",,,,"COLEMAN NFH","N"
"S","4.2","20210929","USFWS","USFWS","2015170204","1","2015","11","04",,,"50","N","6","6FCSABAT CNFH","V","1","4","7",,,"5000","22",,"22","1","21","1","0","0","0","0","0","22","22","22","22",,,,,"1",,,,"COLEMAN NFH","N"
"S","4.2","20210929","USFWS","USFWS","2015170205","1","2015","11","05",,,"50","N","6","6FCSABAT CNFH","V","1","4","7",,,"5000","143",,"143","1.01","140","1","1","1","0","0","0","143","143","143","143",,,,,"1",,,,"COLEMAN NFH","N"
"S","4.2","20210929","USFWS","USFWS","2015170206","1","2015","11","06",,,"50","N","6","6FCSABAT CNFH","V","1","4","7",,,"5000","4",,"4","1","4","0","0","0","0","0","0","4","4","4","4",,,,,"1",,,,"COLEMAN NFH","N"
"S","4.2","20210929","USFWS","USFWS","2015170207","1","2015","11","07",,,"50","N","6","6FCSABAT CNFH","V","1","4","7",,,"5000","242",,"242","1","211","19","0","0","0","1","0","242","242","242","231",,,,,"0.9545",,,,"COLEMAN NFH","N"
"S","4.2","20230216","USFWS","USFWS","2018170201","1","2018","11","01",,,"50","N","6","6FCSABAT CNFH","V","1","4","7",,,"5000","1",,"1","1","1","0","0","0","0","0","0","1","1","1","1",,,,,"1",,,,"COLEMAN NFH","N"
"S","4.2","20230216","USFWS","USFWS","2018170202","1","2018","11","02",,,"50","N","6","6FCSABAT CNFH","V","1","4","7",,,"5000","3",,"3","1","3","0","0","0","0","0","0","3","3","3","3",,,,,"1",,,,"COLEMAN NFH","N"
"S","4.2","20230216","USFWS","USFWS","2018170203","1","2018","11","03",,,"50","N","6","6FCSABAT CNFH","V","1","4","7",,,"5000","14",,"14","1","14","0","0","0","0","0","0","14","14","14","14",,,,,"1",,,,"COLEMAN NFH","N"
"S","4.2","20230216","USFWS","USFWS","2018170204","1","2018","11","04",,,"50","N","6","6FCSABAT CNFH","V","1","4","7",,,"5000","3",,"3","1","3","0","0","0","0","0","0","3","3","3","3",,,,,"1",,,,"COLEMAN NFH","N"
"S","4.2","20230216","USFWS","USFWS","2018170205","1","2018","11","05",,,"50","N","6","6FCSABAT CNFH","V","1","4","7",,,"5000","60",,"60","1","60","0","0","0","0","0","0","60","60","60","60",,,,,"1",,,,"COLEMAN NFH","N"
"S","4.2","20230216","USFWS","USFWS","2018170206","1","2018","11","06",,,"50","N","6","6FCSABAT CNFH","V","1","4","7",,,"5000","30",,"30","1","30","0","0","0","0","0","0","30","30","30","30",,,,,"1",,,,"COLEMAN NFH","N"
"S","4.2","20230216","USFWS","USFWS","2018170207","1","2018","11","07",,,"50","N","6","6FCSABAT CNFH","V","1","4","7",,,"5000","249",,"249","1.01","245","2","1","0","0","1","0","249","249","249","249",,,,,"1",,,,"COLEMAN NFH","N"
"S","4.2","20230216","USFWS","USFWS","2018170208","1","2018","11","08",,,"50","N","6","6FCSABAT CNFH","V","1","4","7",,,"5000","125",,"125","1","123","2","0","0","0","0","0","125","125","125","125",,,,,"1",,,,"COLEMAN NFH","N"
"S","4.2","20230216","USFWS","USFWS","2018170209","1","2018","11","09",,,"50","N","6","6FCSABAT CNFH","V","1","4","7",,,"5000","451",,"451","1","442","6","0","0","0","0","0","451","451","451","448",,,,,"0.9933",,,,"COLEMAN NFH","N"
"S","4.2","20230216","USFWS","USFWS","2018170210","1","2018","11","10",,,"50","N","6","6FCSABAT CNFH","V","1","4","7",,,"5000","690",,"690","1","674","11","1","1","0","0","0","690","690","690","687",,,,,"0.9957",,,,"COLEMAN NFH","N"
"S","4.2","20230216","USFWS","USFWS","2018170211","1","2018","11","11",,,"50","N","6","6FCSABAT CNFH","V","1","4","7",,,"5000","112",,"112","1.01","109","2","1","0","0","0","0","112","112","112","112",,,,,"1",,,,"COLEMAN NFH","N"
"S","4.2","20230216","USFWS","USFWS","2018170212","1","2018","11","12",,,"50","N","6","6FCSABAT CNFH","V","1","4","7",,,"5000","45",,"45","1","44","0","0","0","0","0","0","45","45","45","44",,,,,"0.9778",,,,"COLEMAN NFH","N"
"S","4.2","20230216","USFWS","USFWS","2018170213","1","2018","11","13",,,"50","N","6","6FCSABAT CNFH","V","1","4","7",,,"5000","469",,"469","1.01","454","8","1","2","0","1","0","469","469","469","466",,,,,"0.9936",,,,"COLEMAN NFH","N"
"S","4.2","20230216","USFWS","USFWS","2018170221","1","2018","11","21",,,"50","N","6","6FCSABAT CNFH","V","1","4","7",,,"5000","50",,"50","1.02","46","2","1","0","0","0","0","50","50","50","49",,,,,"0.98",,,,"COLEMAN NFH","N"
"S","4.2","20230216","USFWS","USFWS","2018170222","1","2018","11","22",,,"50","N","6","6FCSABAT CNFH","V","1","4","7",,,"5000","35",,"35","1","35","0","0","0","0","0","0","35","35","35","35",,,,,"1",,,,"COLEMAN NFH","N"
"S","4.2","20230216","USFWS","USFWS","2018170223","1","2018","11","23",,,"50","N","6","6FCSABAT CNFH","V","1","4","7",,,"5000","15",,"15","1","13","2","0","0","0","0","0","15","15","15","15",,,,,"1",,,,"COLEMAN NFH","N"
"S","4.2","20230216","USFWS","USFWS","2018170224","1","2018","11","24",,,"50","N","6","6FCSABAT CNFH","V","1","4","7",,,"5000","7",,"7","1","7","0","0","0","0","0","0","7","7","7","7",,,,,"1",,,,"COLEMAN NFH","N"
"S","4.2","20230216","USFWS","USFWS","2018170225","1","2018","11","25",,,"50","N","6","6FCSABAT CNFH","V","1","4","7",,,"5000","3",,"3","1","3","0","0","0","0","0","0","3","3","3","3",,,,,"1",,,,"COLEMAN NFH","N"
"S","4.2","20230216","USFWS","USFWS","2018170601","1","2018","1","01",,,"52","N","6","6FCSABAT","V","1","4","7",,,"5000","1",,"1","1","0","0","0","0","0","0","0","1","1","1","0",,,,,"0",,,,"BATTLE CREEK BELOW CNFH","N"
"S","4.2","20230216","USFWS","USFWS","2018130201","1","2018","11","01",,,"50","N","6","6FCSABAT CNFH","V","1","4","3",,,"5000","426",,"426","1.01","90","1","1","0","0","0","0","426","426","426","92",,,,,"0.216",,,,"COLEMAN NFH","N"
"S","4.2","20230216","USFWS","USFWS","2018130202","1","2018","11","02",,,"50","N","6","6FCSABAT CNFH","V","1","4","3",,,"5000","377",,"377","1","87","1","0","0","0","0","0","377","377","377","88",,,,,"0.2334",,,,"COLEMAN NFH","N"
"S","4.2","20230216","USFWS","USFWS","2018130203","1","2018","11","03",,,"50","N","6","6FCSABAT CNFH","V","1","4","3",,,"5000","1251",,"1251","1.03","279","2","0","0","0","1","0","1251","1251","1251","282",,,,,"0.2254",,,,"COLEMAN NFH","N"
"S","4.2","20230216","USFWS","USFWS","2018130204","1","2018","11","04",,,"50","N","6","6FCSABAT CNFH","V","1","4","3",,,"5000","1279",,"1279","1","292","4","0","0","0","1","0","1279","1279","1279","297",,,,,"0.2322",,,,"COLEMAN NFH","N"
"S","4.2","20230216","USFWS","USFWS","2018130205","1","2018","11","05",,,"50","N","6","6FCSABAT CNFH","V","1","4","3",,,"5000","701",,"701","1","143","4","0","0","0","0","0","701","701","701","147",,,,,"0.2097",,,,"COLEMAN NFH","N"
"S","4.2","20230216","USFWS","USFWS","2018130206","1","2018","11","06",,,"50","N","6","6FCSABAT CNFH","V","1","4","3",,,"5000","915",,"915","1.01","203","0","0","0","0","1","0","915","915","915","204",,,,,"0.223",,,,"COLEMAN NFH","N"
"S","4.2","20230216","USFWS","USFWS","2018130207","1","2018","11","07",,,"50","N","6","6FCSABAT CNFH","V","1","4","3",,,"5000","891",,"891","1","203","2","0","0","0","0","0","891","891","891","205",,,,,"0.2301",,,,"COLEMAN NFH","N"
"S","4.2","20230216","USFWS","USFWS","2018130208","1","2018","11","08",,,"50","N","6","6FCSABAT CNFH","V","1","4","3",,,"5000","1346",,"1346","1.01","308","3","1","0","0","1","0","1346","1346","1346","313",,,,,"0.2325",,,,"COLEMAN NFH","N"
"S","4.2","20230216","USFWS","USFWS","2018130209","1","2018","11","09",,,"50","N","6","6FCSABAT CNFH","V","1","4","3",,,"5000","937",,"937","1.01","217","1","0","0","0","2","0","937","937","937","220",,,,,"0.2348",,,,"COLEMAN NFH","N"
"S","4.2","20230216","USFWS","USFWS","2018130210","1","2018","11","10",,,"50","N","6","6FCSABAT CNFH","V","1","4","3",,,"5000","1535",,"1535","1","321","1","1","0","0","0","0","1535","1535","1535","323",,,,,"0.2104",,,,"COLEMAN NFH","N"
"S","4.2","20230216","USFWS","USFWS","2018130211","1","2018","11","11",,,"50","N","6","6FCSABAT CNFH","V","1","4","3",,,"5000","1079",,"1079","1","218","5","0","0","0","0","0","1079","1079","1079","223",,,,,"0.2067",,,,"COLEMAN NFH","N"
"S","4.2","20230216","USFWS","USFWS","2018130212","1","2018","11","12",,,"50","N","6","6FCSABAT CNFH","V","1","4","3",,,"5000","910",,"910","1","199","3","0","0","0","0","0","910","910","910","202",,,,,"0.222",,,,"COLEMAN NFH","N"
"S","4.2","20230216","USFWS","USFWS","2018130213","1","2018","11","13",,,"50","N","6","6FCSABAT CNFH","V","1","4","3",,,"5000","1266",,"1266","1.01","237","4","2","1","0","0","0","1266","1266","1266","244",,,,,"0.1927",,,,"COLEMAN NFH","N"
"S","4.2","20230216","USFWS","USFWS","2018130214","1","2018","11","14",,,"50","N","6","6FCSABAT CNFH","V","1","4","3",,,"5000","645",,"645","1.01","132","3","0","0","0","1","0","645","645","645","136",,,,,"0.2109",,,,"COLEMAN NFH","N"
"S","4.2","20230216","USFWS","USFWS","2018130215","1","2018","11","15",,,"50","N","6","6FCSABAT CNFH","V","1","4","3",,,"5000","252",,"252","1","43","1","0","0","0","0","0","252","252","252","44",,,,,"0.1746",,,,"COLEMAN NFH","N"
"S","4.2","20230216","USFWS","USFWS","2018130216","1","2018","11","16",,,"50","N","6","6FCSABAT CNFH","V","1","4","3",,,"5000","275",,"275","1","58","1","0","0","0","0","0","275","275","275","59",,,,,"0.2145",,,,"COLEMAN NFH","N"
"S","4.2","20230216","USFWS","USFWS","2018130217","1","2018","11","17",,,"50","N","6","6FCSABAT CNFH","V","1","4","3",,,"5000","78",,"78","1","16","0","0","0","0","0","0","78","78","78","16",,,,,"0.2051",,,,"COLEMAN NFH","N"
"S","4.2","20230216","USFWS","USFWS","2018130218","1","2018","11","18",,,"50","N","6","6FCSABAT CNFH","V","1","4","3",,,"5000","10",,"10","1","10","0","0","0","0","0","0","10","10","10","10",,,,,"1",,,,"COLEMAN NFH","N"
"S","4.2","20230216","USFWS","USFWS","2018130219","1","2018","11","19",,,"50","N","6","6FCSABAT CNFH","V","1","4","3",,,"5000","5",,"5","1","5","0","0","0","0","0","0","5","5","5","5",,,,,"1",,,,"COLEMAN NFH","N"
"S","4.2","20230216","USFWS","USFWS","2018130220","1","2018","11","20",,,"50","N","6","6FCSABAT CNFH","V","1","4","3",,,"5000","7",,"7","1.33","3","3","1","0","0","0","0","7","7","7","7",,,,,"1",,,,"COLEMAN NFH","N"
"S","4.2","20230216","USFWS","USFWS","2018130221","1","2018","11","21",,,"50","N","6","6FCSABAT CNFH","V","1","4","3",,,"5000","11",,"11","1.13","8","2","1","0","0","0","0","11","11","11","11",,,,,"1",,,,"COLEMAN NFH","N"
"S","4.2","20230216","USFWS","USFWS","2018130222","1","2018","11","22",,,"50","N","6","6FCSABAT CNFH","V","1","4","3",,,"5000","1",,"1","1","1","0","0","0","0","0","0","1","1","1","1",,,,,"1",,,,"COLEMAN NFH","N"
"S","4.2","20230216","USFWS","USFWS","2018130223","1","2018","11","23",,,"50","N","6","6FCSABAT CNFH","V","1","4","3",,,"5000","1",,"1","1","1","0","0","0","0","0","0","1","1","1","1",,,,,"1",,,,"COLEMAN NFH","N"
"S","4.2","20230216","USFWS","USFWS","2018170214","1","2018","11","14",,,"50","N","6","6FCSABAT CNFH","V","1","4","7",,,"5000","213",,"213","1.01","206","3","2","0","0","0","0","213","213","213","211",,,,,"0.9906",,,,"COLEMAN NFH","N"
"S","4.2","20230216","USFWS","USFWS","2018170215","1","2018","11","15",,,"50","N","6","6FCSABAT CNFH","V","1","4","7",,,"5000","625",,"625","1.01","611","7","1","2","0","1","0","625","625","625","622",,,,,"0.9952",,,,"COLEMAN NFH","N"
"S","4.2","20230216","USFWS","USFWS","2018170216","1","2018","11","16",,,"50","N","6","6FCSABAT CNFH","V","1","4","7",,,"5000","176",,"176","1.01","174","1","1","0","0","0","0","176","176","176","176",,,,,"1",,,,"COLEMAN NFH","N"
"S","4.2","20230216","USFWS","USFWS","2018170217","1","2018","11","17",,,"50","N","6","6FCSABAT CNFH","V","1","4","7",,,"5000","304",,"304","1","301","2","0","1","0","0","0","304","304","304","304",,,,,"1",,,,"COLEMAN NFH","N"
"S","4.2","20230216","USFWS","USFWS","2018170218","1","2018","11","18",,,"50","N","6","6FCSABAT CNFH","V","1","4","7",,,"5000","6",,"6","1","6","0","0","0","0","0","0","6","6","6","6",,,,,"1",,,,"COLEMAN NFH","N"
"S","4.2","20230216","USFWS","USFWS","2018170219","1","2018","11","19",,,"50","N","6","6FCSABAT CNFH","V","1","4","7",,,"5000","109",,"109","1","102","4","0","0","0","0","0","109","109","109","106",,,,,"0.9725",,,,"COLEMAN NFH","N"
"S","4.2","20230216","USFWS","USFWS","2018170220","1","2018","11","20",,,"50","N","6","6FCSABAT CNFH","V","1","4","7",,,"5000","110",,"110","1","108","2","0","0","0","0","0","110","110","110","110",,,,,"1",,,,"COLEMAN NFH","N"
"S","4.2","20211001","USFWS","USFWS","2017170202","1","2017","11","02",,,"50","N","6","6FCSABAT CNFH","V","1","4","7",,,"5000","4",,"4","1","4","0","0","0","0","0","0","4","4","4","4",,,,,"1",,,,"COLEMAN NFH","N"
"S","4.2","20211001","USFWS","USFWS","2017170203","1","2017","11","03",,,"50","N","6","6FCSABAT CNFH","V","1","4","7",,,"5000","18",,"18","1","17","1","0","0","0","0","0","18","18","18","18",,,,,"1",,,,"COLEMAN NFH","N"
"S","4.2","20211001","USFWS","USFWS","2017170204","1","2017","11","04",,,"50","N","6","6FCSABAT CNFH","V","1","4","7",,,"5000","23",,"23","1","21","2","0","0","0","0","0","23","23","23","23",,,,,"1",,,,"COLEMAN NFH","N"
"S","4.2","20211001","USFWS","USFWS","2017170205","1","2017","11","05",,,"50","N","6","6FCSABAT CNFH","V","1","4","7",,,"5000","129",,"129","1.01","126","2","1","0","0","0","0","129","129","129","129",,,,,"1",,,,"COLEMAN NFH","N"
"S","4.2","20211001","USFWS","USFWS","2017170206","1","2017","11","06",,,"50","N","6","6FCSABAT CNFH","V","1","4","7",,,"5000","38",,"38","1","34","1","0","0","0","0","0","38","38","38","35",,,,,"0.9211",,,,"COLEMAN NFH","N"
"S","4.2","20211001","USFWS","USFWS","2017170207","1","2017","11","07",,,"50","N","6","6FCSABAT CNFH","V","1","4","7",,,"5000","12",,"12","1","12","0","0","0","0","0","0","12","12","12","12",,,,,"1",,,,"COLEMAN NFH","N"
"S","4.2","20211001","USFWS","USFWS","2017170208","1","2017","11","08",,,"50","N","6","6FCSABAT CNFH","V","1","4","7",,,"5000","201",,"201","1","188","4","0","0","0","0","0","201","201","201","192",,,,,"0.9552",,,,"COLEMAN NFH","N"
"S","4.2","20211001","USFWS","USFWS","2017170209","1","2017","11","09",,,"50","N","6","6FCSABAT CNFH","V","1","4","7",,,"5000","245",,"245","1.01","240","1","2","0","0","0","0","245","245","245","243",,,,,"0.9918",,,,"COLEMAN NFH","N"
"S","4.2","20211001","USFWS","USFWS","2017170210","1","2017","11","10",,,"50","N","6","6FCSABAT CNFH","V","1","4","7",,,"5000","133",,"133","1","128","2","0","0","0","0","0","133","133","133","130",,,,,"0.9774",,,,"COLEMAN NFH","N"
"S","4.2","20211001","USFWS","USFWS","2017170211","1","2017","11","11",,,"50","N","6","6FCSABAT CNFH","V","1","4","7",,,"5000","203",,"203","1.01","196","3","0","1","0","0","0","203","203","203","200",,,,,"0.9852",,,,"COLEMAN NFH","N"
"S","4.2","20211001","USFWS","USFWS","2017170212","1","2017","11","12",,,"50","N","6","6FCSABAT CNFH","V","1","4","7",,,"5000","157",,"157","1","156","0","0","0","0","0","0","157","157","157","156",,,,,"0.9936",,,,"COLEMAN NFH","N"
"S","4.2","20211001","USFWS","USFWS","2017170213","1","2017","11","13",,,"50","N","6","6FCSABAT CNFH","V","1","4","7",,,"5000","136",,"136","1.01","135","0","1","0","0","0","0","136","136","136","136",,,,,"1",,,,"COLEMAN NFH","N"
"S","4.2","20211001","USFWS","USFWS","2017170214","1","2017","11","14",,,"50","N","6","6FCSABAT CNFH","V","1","4","7",,,"5000","1",,"1","1","0","1","0","0","0","0","0","1","1","1","1",,,,,"1",,,,"COLEMAN NFH","N"
"S","4.2","20211001","USFWS","USFWS","2017170215","1","2017","11","15",,,"50","N","6","6FCSABAT CNFH","V","1","4","7",,,"5000","136",,"136","1","135","1","0","0","0","0","0","136","136","136","136",,,,,"1",,,,"COLEMAN NFH","N"
"S","4.2","20241230","USFWS","USFWS","2020170201","1","2020","11","01",,,"50","N","6","6FCSABAT CNFH","V","1","4","7",,,"5000","2",,"2","1","2","0","0","0","0","0","0","2","2","2","2",,,,,"1",,,,"COLEMAN NFH","N"
"S","4.2","20241230","USFWS","USFWS","2020170202","1","2020","11","02",,,"50","N","6","6FCSABAT CNFH","V","1","4","7",,,"5000","3",,"3","1","3","0","0","0","0","0","0","3","3","3","3",,,,,"1",,,,"COLEMAN NFH","N"
"S","4.2","20241230","USFWS","USFWS","2020170203","1","2020","11","03",,,"50","N","6","6FCSABAT CNFH","V","1","4","7",,,"5000","5",,"5","1","4","0","0","0","0","0","0","5","5","5","4",,,,,"0.8",,,,"COLEMAN NFH","N"
"S","4.2","20241230","USFWS","USFWS","2020170204","1","2020","11","04",,,"50","N","6","6FCSABAT CNFH","V","1","4","7",,,"5000","11",,"11","1","5","0","0","0","0","0","0","11","11","11","5",,,,,"0.4545",,,,"COLEMAN NFH","N"
"S","4.2","20241230","USFWS","USFWS","2020170205","1","2020","11","05",,,"50","N","6","6FCSABAT CNFH","V","1","4","7",,,"5000","49",,"49","1","22","0","0","0","0","0","0","49","49","49","22",,,,,"0.449",,,,"COLEMAN NFH","N"
"S","4.2","20241230","USFWS","USFWS","2020170206","1","2020","11","06",,,"50","N","6","6FCSABAT CNFH","V","1","4","7",,,"5000","71",,"71","1","62","3","0","0","0","0","0","71","71","71","65",,,,,"0.9155",,,,"COLEMAN NFH","N"
"S","4.2","20241230","USFWS","USFWS","2020170207","1","2020","11","07",,,"50","N","6","6FCSABAT CNFH","V","1","4","7",,,"5000","234",,"234","1","226","7","0","0","0","0","0","234","234","234","233",,,,,"0.9957",,,,"COLEMAN NFH","N"
"S","4.2","20241230","USFWS","USFWS","2020170208","1","2020","11","08",,,"50","N","6","6FCSABAT CNFH","V","1","4","7",,,"5000","540",,"540","1.01","522","11","3","0","0","0","0","540","540","540","536",,,,,"0.9926",,,,"COLEMAN NFH","N"
"S","4.2","20241230","USFWS","USFWS","2020170209","1","2020","11","09",,,"50","N","6","6FCSABAT CNFH","V","1","4","7",,,"5000","1",,"1","1","0","0","1","0","0","0","0","1","1","1","1",,,,,"1",,,,"COLEMAN NFH","N"
"S","4.2","20241230","USFWS","USFWS","2020170210","1","2020","11","10",,,"50","N","6","6FCSABAT CNFH","V","1","4","7",,,"5000","449",,"449","1","438","9","0","0","0","0","0","449","449","449","447",,,,,"0.9955",,,,"COLEMAN NFH","N"
"S","4.2","20241230","USFWS","USFWS","2020170211","1","2020","11","11",,,"50","N","6","6FCSABAT CNFH","V","1","4","7",,,"5000","1",,"1","1","1","0","0","0","0","0","0","1","1","1","1",,,,,"1",,,,"COLEMAN NFH","N"
"S","4.2","20241230","USFWS","USFWS","2020170212","1","2020","11","12",,,"50","N","6","6FCSABAT CNFH","V","1","4","7",,,"5000","612",,"612","1","603","6","1","0","0","0","0","612","612","612","610",,,,,"0.9967",,,,"COLEMAN NFH","N"
"S","4.2","20241230","USFWS","USFWS","2020170213","1","2020","11","13",,,"50","N","6","6FCSABAT CNFH","V","1","4","7",,,"5000","107",,"107","1","103","4","0","0","0","0","0","107","107","107","107",,,,,"1",,,,"COLEMAN NFH","N"
"S","4.2","20241230","USFWS","USFWS","2020170214","1","2020","11","14",,,"50","N","6","6FCSABAT CNFH","V","1","4","7",,,"5000","545",,"545","1","536","3","2","0","0","0","0","545","545","545","541",,,,,"0.9927",,,,"COLEMAN NFH","N"
"S","4.2","20241230","USFWS","USFWS","2020170215","1","2020","11","15",,,"50","N","6","6FCSABAT CNFH","V","1","4","7",,,"5000","235",,"235","1","231","1","0","0","0","0","0","235","235","235","232",,,,,"0.9872",,,,"COLEMAN NFH","N"
"S","4.2","20241230","USFWS","USFWS","2020170216","1","2020","11","16",,,"50","N","6","6FCSABAT CNFH","V","1","4","7",,,"5000","149",,"149","1","145","1","0","0","0","0","0","149","149","149","146",,,,,"0.9799",,,,"COLEMAN NFH","N"
"S","4.2","20241230","USFWS","USFWS","2020170217","1","2020","11","17",,,"50","N","6","6FCSABAT CNFH","V","1","4","7",,,"5000","16",,"16","1.14","13","1","0","0","0","2","0","16","16","16","16",,,,,"1",,,,"COLEMAN NFH","N"
"S","4.2","20241230","USFWS","USFWS","2020170218","1","2020","11","18",,,"50","N","6","6FCSABAT CNFH","V","1","4","7",,,"5000","167",,"167","1","164","3","0","0","0","0","0","167","167","167","167",,,,,"1",,,,"COLEMAN NFH","N"
"S","4.2","20241230","USFWS","USFWS","2020170219","1","2020","11","19",,,"50","N","6","6FCSABAT CNFH","V","1","4","7",,,"5000","104",,"104","1.01","97","5","1","0","0","0","0","104","104","104","103",,,,,"0.9904",,,,"COLEMAN NFH","N"
"S","4.2","20241230","USFWS","USFWS","2020170220","1","2020","11","20",,,"50","N","6","6FCSABAT CNFH","V","1","4","7",,,"5000","86",,"86","1","85","0","0","0","0","0","0","86","86","86","85",,,,,"0.9884",,,,"COLEMAN NFH","N"
"S","4.2","20241230","USFWS","USFWS","2020170221","1","2020","11","21",,,"50","N","6","6FCSABAT CNFH","V","1","4","7",,,"5000","2",,"2","1","2","0","0","0","0","0","0","2","2","2","2",,,,,"1",,,,"COLEMAN NFH","N"
"S","4.2","20241230","USFWS","USFWS","2020170601","1","2020","1","01",,,"54","N","6","6FCSABAT","V","1","4","7",,,"5000","374",,"374","1.04","347","5","5","1","0","7","0","374","374","374","365",,,,,"0.9759",,,,"BATTLE CREEK BELOW CNFH","N"
"S","4.2","20241230","USFWS","USFWS","2020130201","1","2020","11","01",,,"50","N","6","6FCSABAT CNFH","V","1","4","3",,,"5000","375",,"375","1","78","2","0","0","0","0","0","375","375","375","80",,,,,"0.2133",,,,"COLEMAN NFH","N"
"S","4.2","20241230","USFWS","USFWS","2020130202","1","2020","11","02",,,"50","N","6","6FCSABAT CNFH","V","1","4","3",,,"5000","535",,"535","1.01","111","3","1","0","0","0","0","535","535","535","115",,,,,"0.215",,,,"COLEMAN NFH","N"
"S","4.2","20241230","USFWS","USFWS","2020130203","1","2020","11","03",,,"50","N","6","6FCSABAT CNFH","V","1","4","3",,,"5000","1053",,"1053","1","223","2","0","0","0","1","0","1053","1053","1053","226",,,,,"0.2146",,,,"COLEMAN NFH","N"
"S","4.2","20241230","USFWS","USFWS","2020130204","1","2020","11","04",,,"50","N","6","6FCSABAT CNFH","V","1","4","3",,,"5000","1328",,"1328","1","276","5","1","0","0","0","0","1328","1328","1328","282",,,,,"0.2123",,,,"COLEMAN NFH","N"
"S","4.2","20241230","USFWS","USFWS","2020130205","1","2020","11","05",,,"50","N","6","6FCSABAT CNFH","V","1","4","3",,,"5000","1028",,"1028","1","224","11","1","0","0","0","0","1028","1028","1028","236",,,,,"0.2296",,,,"COLEMAN NFH","N"
"S","4.2","20241230","USFWS","USFWS","2020130206","1","2020","11","05",,,"50","N","6","6FCSABAT CNFH","V","1","4","3",,,"5000","108",,"108","1","0","0","0","0","0","35","0","108","108","108","35",,,,,"0.3241",,,,"COLEMAN NFH","N"
"S","4.2","20241230","USFWS","USFWS","2020130207","1","2020","11","07",,,"50","N","6","6FCSABAT CNFH","V","1","4","3",,,"5000","1662",,"1662","1","348","15","0","0","0","0","0","1662","1662","1662","363",,,,,"0.2184",,,,"COLEMAN NFH","N"
"S","4.2","20241230","USFWS","USFWS","2020130208","1","2020","11","08",,,"50","N","6","6FCSABAT CNFH","V","1","4","3",,,"5000","1027",,"1027","1","208","5","0","0","0","0","0","1027","1027","1027","213",,,,,"0.2074",,,,"COLEMAN NFH","N"
"S","4.2","20241230","USFWS","USFWS","2020130209","1","2020","11","09",,,"50","N","6","6FCSABAT CNFH","V","1","4","3",,,"5000","1091",,"1091","1","253","3","0","1","0","0","0","1091","1091","1091","257",,,,,"0.2356",,,,"COLEMAN NFH","N"
"S","4.2","20241230","USFWS","USFWS","2020130210","1","2020","11","05",,,"50","N","6","6FCSABAT CNFH","V","1","4","3",,,"5000","37",,"37","1","0","0","0","0","0","12","0","37","37","37","12",,,,,"0.3243",,,,"COLEMAN NFH","N"
"S","4.2","20241230","USFWS","USFWS","2020130211","1","2020","11","11",,,"50","N","6","6FCSABAT CNFH","V","1","4","3",,,"5000","1196",,"1196","1","277","4","0","0","0","0","0","1196","1196","1196","281",,,,,"0.2349",,,,"COLEMAN NFH","N"
"S","4.2","20241230","USFWS","USFWS","2020130212","1","2020","11","12",,,"50","N","6","6FCSABAT CNFH","V","1","4","3",,,"5000","876",,"876","1","230","3","0","0","0","1","0","876","876","876","234",,,,,"0.2671",,,,"COLEMAN NFH","N"
"S","4.2","20241230","USFWS","USFWS","2020130213","1","2020","11","13",,,"50","N","6","6FCSABAT CNFH","V","1","4","3",,,"5000","858",,"858","1","193","10","0","0","0","0","0","858","858","858","203",,,,,"0.2366",,,,"COLEMAN NFH","N"
"S","4.2","20241230","USFWS","USFWS","2020130214","1","2020","11","14",,,"50","N","6","6FCSABAT CNFH","V","1","4","3",,,"5000","1481",,"1481","1","325","6","0","0","0","0","0","1481","1481","1481","331",,,,,"0.2235",,,,"COLEMAN NFH","N"
"S","4.2","20241230","USFWS","USFWS","2020130215","1","2020","11","15",,,"50","N","6","6FCSABAT CNFH","V","1","4","3",,,"5000","138",,"138","1","26","0","0","0","0","0","0","138","138","138","26",,,,,"0.1884",,,,"COLEMAN NFH","N"
"S","4.2","20241230","USFWS","USFWS","2020130216","1","2020","11","16",,,"50","N","6","6FCSABAT CNFH","V","1","4","3",,,"5000","567",,"567","1","134","2","0","0","0","0","0","567","567","567","136",,,,,"0.2399",,,,"COLEMAN NFH","N"
"S","4.2","20241230","USFWS","USFWS","2020130217","1","2020","11","17",,,"50","N","6","6FCSABAT CNFH","V","1","4","3",,,"5000","312",,"312","1","65","3","0","0","0","0","0","312","312","312","68",,,,,"0.2179",,,,"COLEMAN NFH","N"
"S","4.2","20241230","USFWS","USFWS","2020130218","1","2020","11","18",,,"50","N","6","6FCSABAT CNFH","V","1","4","3",,,"5000","58",,"58","1","9","2","0","0","0","0","0","58","58","58","11",,,,,"0.1897",,,,"COLEMAN NFH","N"
"S","4.2","20241230","USFWS","USFWS","2020130219","1","2020","11","19",,,"50","N","6","6FCSABAT CNFH","V","1","4","3",,,"5000","2",,"2","1","1","1","0","0","0","0","0","2","2","2","2",,,,,"1",,,,"COLEMAN NFH","N"
"S","4.2","20241230","USFWS","USFWS","2020130220","1","2020","11","20",,,"50","N","6","6FCSABAT CNFH","V","1","4","3",,,"5000","1",,"1","1","1","0","0","0","0","0","0","1","1","1","1",,,,,"1",,,,"COLEMAN NFH","N"
"S","4.2","20241230","USFWS","USFWS","2020130221","1","2020","11","21",,,"50","N","6","6FCSABAT CNFH","V","1","4","3",,,"5000","1",,"1","1","1","0","0","0","0","0","0","1","1","1","1",,,,,"1",,,,"COLEMAN NFH","N"
"S","4.2","20241230","USFWS","USFWS","2020130222","1","2020","11","22",,,"50","N","6","6FCSABAT CNFH","V","1","4","3",,,"5000","2",,"2","1","0","2","0","0","0","0","0","2","2","2","2",,,,,"1",,,,"COLEMAN NFH","N"
"S","4.2","20241230","USFWS","USFWS","2020143301","1","2020","1","01",,,"50","N","6","6FCSABAT CNFH","V","1","4","7",,,"5000","1038",,"933","1","104","1","0","0","0","0","0","105","105","105","105",,,,,"1",,,,"COLEMAN NFH","N"
"S","4.2","20240328","USFWS","USFWS","2016170201","1","2016","11","01",,,"50","N","6","6FCSABAT CNFH","V","1","4","7",,,"5000","1",,"1","1","1","0","0","0","0","0","0","1","1","1","1",,,,,"1",,,,"COLEMAN NFH","N"
"S","4.2","20240328","USFWS","USFWS","2016170202","1","2016","11","02",,,"50","N","6","6FCSABAT CNFH","V","1","4","7",,,"5000","2",,"2","1","2","0","0","0","0","0","0","2","2","2","2",,,,,"1",,,,"COLEMAN NFH","N"
"S","4.2","20240328","USFWS","USFWS","2016170203","1","2016","11","03",,,"50","N","6","6FCSABAT CNFH","V","1","4","7",,,"5000","1",,"1","1","1","0","0","0","0","0","0","1","1","1","1",,,,,"1",,,,"COLEMAN NFH","N"
"S","4.2","20240328","USFWS","USFWS","2016170204","1","2016","11","04",,,"50","N","6","6FCSABAT CNFH","V","1","4","7",,,"5000","28",,"28","1","28","0","0","0","0","0","0","28","28","28","28",,,,,"1",,,,"COLEMAN NFH","N"
"S","4.2","20240328","USFWS","USFWS","2016170205","1","2016","11","05",,,"50","N","6","6FCSABAT CNFH","V","1","4","7",,,"5000","35",,"35","1","35","0","0","0","0","0","0","35","35","35","35",,,,,"1",,,,"COLEMAN NFH","N"
"S","4.2","20240328","USFWS","USFWS","2016170206","1","2016","11","06",,,"50","N","6","6FCSABAT CNFH","V","1","4","7",,,"5000","25",,"25","1","24","0","0","0","0","0","0","25","25","25","24",,,,,"0.96",,,,"COLEMAN NFH","N"
"S","4.2","20240328","USFWS","USFWS","2016170207","1","2016","11","07",,,"50","N","6","6FCSABAT CNFH","V","1","4","7",,,"5000","2",,"2","1","2","0","0","0","0","0","0","2","2","2","2",,,,,"1",,,,"COLEMAN NFH","N"
"S","4.2","20240328","USFWS","USFWS","2016170208","1","2016","11","08",,,"50","N","6","6FCSABAT CNFH","V","1","4","7",,,"5000","279",,"279","1","260","5","0","0","0","0","0","279","279","279","265",,,,,"0.9498",,,,"COLEMAN NFH","N"
"S","4.2","20240328","USFWS","USFWS","2016170209","1","2016","11","09",,,"50","N","6","6FCSABAT CNFH","V","1","4","7",,,"5000","228",,"228","1","204","1","0","0","0","0","0","228","228","228","205",,,,,"0.8991",,,,"COLEMAN NFH","N"
"S","4.2","20240328","USFWS","USFWS","2016170210","1","2016","11","10",,,"50","N","6","6FCSABAT CNFH","V","1","4","7",,,"5000","543",,"543","1","527","6","2","0","0","0","0","543","543","543","535",,,,,"0.9853",,,,"COLEMAN NFH","N"
"S","4.2","20240328","USFWS","USFWS","2016170211","1","2016","11","11",,,"50","N","6","6FCSABAT CNFH","V","1","4","7",,,"5000","307",,"307","1","304","0","1","0","0","0","0","307","307","307","305",,,,,"0.9935",,,,"COLEMAN NFH","N"
"S","4.2","20240328","USFWS","USFWS","2016170212","1","2016","11","12",,,"50","N","6","6FCSABAT CNFH","V","1","4","7",,,"5000","2",,"2","1","2","0","0","0","0","0","0","2","2","2","2",,,,,"1",,,,"COLEMAN NFH","N"
"S","4.2","20240328","USFWS","USFWS","2016170213","1","2016","11","13",,,"50","N","6","6FCSABAT CNFH","V","1","4","7",,,"5000","333",,"333","1.01","329","1","2","0","0","0","0","333","333","333","332",,,,,"0.997",,,,"COLEMAN NFH","N"
"S","4.2","20240328","USFWS","USFWS","2016170214","1","2016","11","14",,,"50","N","6","6FCSABAT CNFH","V","1","4","7",,,"5000","14",,"14","1","14","0","0","0","0","0","0","14","14","14","14",,,,,"1",,,,"COLEMAN NFH","N"
"S","4.2","20240328","USFWS","USFWS","2016170215","1","2016","11","15",,,"50","N","6","6FCSABAT CNFH","V","1","4","7",,,"5000","235",,"235","1","230","4","1","0","0","0","0","235","235","235","235",,,,,"1",,,,"COLEMAN NFH","N"
"S","4.2","20240328","USFWS","USFWS","2016170216","1","2016","11","16",,,"50","N","6","6FCSABAT CNFH","V","1","4","7",,,"5000","105",,"105","1","105","0","0","0","0","0","0","105","105","105","105",,,,,"1",,,,"COLEMAN NFH","N"
"S","4.2","20240328","USFWS","USFWS","2016170217","1","2016","11","17",,,"50","N","6","6FCSABAT CNFH","V","1","4","7",,,"5000","1",,"1","1","1","0","0","0","0","0","0","1","1","1","1",,,,,"1",,,,"COLEMAN NFH","N"
"S","4.2","20240328","USFWS","USFWS","2016170218","1","2016","11","18",,,"50","N","6","6FCSABAT CNFH","V","1","4","7",,,"5000","54",,"54","1","53","0","0","0","0","0","0","54","54","54","53",,,,,"0.9815",,,,"COLEMAN NFH","N"
"S","4.2","20240328","USFWS","USFWS","2016170219","1","2016","11","16",,,"50","N","6","6FCSABAT CNFH","V","1","4","7",,,"5000","58",,"58","1","58","0","0","0","0","0","0","58","58","58","58",,,,,"1",,,,"COLEMAN NFH","N"
"S","4.2","20240328","USFWS","USFWS","2016170220","1","2016","11","20",,,"50","N","6","6FCSABAT CNFH","V","1","4","7",,,"5000","48",,"48","1","48","0","0","0","0","0","0","48","48","48","48",,,,,"1",,,,"COLEMAN NFH","N"
"S","4.2","20240328","USFWS","USFWS","2016170221","1","2016","11","21",,,"50","N","6","6FCSABAT CNFH","V","1","4","7",,,"5000","47",,"47","1","46","0","0","0","0","0","0","47","47","47","46",,,,,"0.9787",,,,"COLEMAN NFH","N"
"S","4.2","20240328","USFWS","USFWS","2016170601","1","2016","1","01",,,"52","N","6","6FCSABAT","V","1","4","7",,,"5000","104",,"69","2.23","45","1","0","0","0","22","0","104","104","104","68",,,,,"0.6538",,,,"BATTLE CREEK BELOW CNFH","N"
"S","4.2","20240328","USFWS","USFWS","2016130201","1","2016","11","01",,,"50","N","6","6FCSABAT CNFH","V","1","4","3",,,"5000","109",,"109","1","17","0","0","0","0","0","0","109","109","109","17",,,,,"0.156",,,,"COLEMAN NFH","N"
"S","4.2","20240328","USFWS","USFWS","2016130202","1","2016","11","02",,,"50","N","6","6FCSABAT CNFH","V","1","4","3",,,"5000","571",,"571","1","129","0","0","0","0","0","0","571","571","571","129",,,,,"0.2259",,,,"COLEMAN NFH","N"
"S","4.2","20240328","USFWS","USFWS","2016130203","1","2016","11","03",,,"50","N","6","6FCSABAT CNFH","V","1","4","3",,,"5000","466",,"466","1","109","0","0","0","0","0","0","466","466","466","109",,,,,"0.2339",,,,"COLEMAN NFH","N"
"S","4.2","20240328","USFWS","USFWS","2016130204","1","2016","11","04",,,"50","N","6","6FCSABAT CNFH","V","1","4","3",,,"5000","865",,"865","1","188","4","0","0","0","0","0","865","865","865","192",,,,,"0.222",,,,"COLEMAN NFH","N"
"S","4.2","20240328","USFWS","USFWS","2016130205","1","2016","11","05",,,"50","N","6","6FCSABAT CNFH","V","1","4","3",,,"5000","847",,"847","1","173","3","0","0","0","0","0","847","847","847","176",,,,,"0.2078",,,,"COLEMAN NFH","N"
"S","4.2","20240328","USFWS","USFWS","2016130206","1","2016","11","06",,,"50","N","6","6FCSABAT CNFH","V","1","4","3",,,"5000","899",,"899","1","191","4","0","0","0","0","0","899","899","899","195",,,,,"0.2169",,,,"COLEMAN NFH","N"
"S","4.2","20240328","USFWS","USFWS","2016130207","1","2016","11","07",,,"50","N","6","6FCSABAT CNFH","V","1","4","3",,,"5000","892",,"892","1.01","134","0","1","0","0","0","0","892","892","892","135",,,,,"0.1513",,,,"COLEMAN NFH","N"
"S","4.2","20240328","USFWS","USFWS","2016130208","1","2016","11","08",,,"50","N","6","6FCSABAT CNFH","V","1","4","3",,,"5000","809",,"809","1","180","1","0","0","0","0","0","809","809","809","181",,,,,"0.2237",,,,"COLEMAN NFH","N"
"S","4.2","20240328","USFWS","USFWS","2016130209","1","2016","11","09",,,"50","N","6","6FCSABAT CNFH","V","1","4","3",,,"5000","848",,"848","1","169","2","0","0","0","0","0","848","848","848","171",,,,,"0.2017",,,,"COLEMAN NFH","N"
"S","4.2","20240328","USFWS","USFWS","2016130210","1","2016","11","10",,,"50","N","6","6FCSABAT CNFH","V","1","4","3",,,"5000","583",,"583","1","136","3","0","0","0","0","0","583","583","583","139",,,,,"0.2384",,,,"COLEMAN NFH","N"
"S","4.2","20240328","USFWS","USFWS","2016130211","1","2016","11","11",,,"50","N","6","6FCSABAT CNFH","V","1","4","3",,,"5000","221",,"221","1","41","2","0","0","0","0","0","221","221","221","43",,,,,"0.1946",,,,"COLEMAN NFH","N"
"S","4.2","20240328","USFWS","USFWS","2016130212","1","2016","11","12",,,"50","N","6","6FCSABAT CNFH","V","1","4","3",,,"5000","642",,"642","1","134","2","0","0","0","0","0","642","642","642","136",,,,,"0.2118",,,,"COLEMAN NFH","N"
"S","4.2","20240328","USFWS","USFWS","2016130213","1","2016","11","13",,,"50","N","6","6FCSABAT CNFH","V","1","4","3",,,"5000","422",,"422","1","95","3","0","0","0","0","0","422","422","422","98",,,,,"0.2322",,,,"COLEMAN NFH","N"
"S","4.2","20240328","USFWS","USFWS","2016130214","1","2016","11","14",,,"50","N","6","6FCSABAT CNFH","V","1","4","3",,,"5000","189",,"189","1","55","1","0","0","0","0","0","189","189","189","56",,,,,"0.2963",,,,"COLEMAN NFH","N"
"S","4.2","20240328","USFWS","USFWS","2016130215","1","2016","11","15",,,"50","N","6","6FCSABAT CNFH","V","1","4","3",,,"5000","101",,"101","1","24","0","0","0","0","0","0","101","101","101","24",,,,,"0.2376",,,,"COLEMAN NFH","N"
"S","4.2","20240328","USFWS","USFWS","2016130216","1","2016","11","16",,,"50","N","6","6FCSABAT CNFH","V","1","4","3",,,"5000","30",,"30","1","10","0","0","0","0","0","0","30","30","30","10",,,,,"0.3333",,,,"COLEMAN NFH","N"
"S","4.2","20240328","USFWS","USFWS","2016130217","1","2016","11","17",,,"50","N","6","6FCSABAT CNFH","V","1","4","3",,,"5000","28",,"28","1","10","0","0","0","0","0","0","28","28","28","10",,,,,"0.3571",,,,"COLEMAN NFH","N"
"S","4.2","20240328","USFWS","USFWS","2016130218","1","2016","11","18",,,"50","N","6","6FCSABAT CNFH","V","1","4","3",,,"5000","4",,"4","1","4","0","0","0","0","0","0","4","4","4","4",,,,,"1",,,,"COLEMAN NFH","N"
"S","4.2","20240328","USFWS","USFWS","2016130219","1","2016","11","19",,,"50","N","6","6FCSABAT CNFH","V","1","4","3",,,"5000","1",,"1","1","1","0","0","0","0","0","0","1","1","1","1",,,,,"1",,,,"COLEMAN NFH","N"
"S","4.2","20240328","USFWS","USFWS","2016130220","1","2016","11","20",,,"50","N","6","6FCSABAT CNFH","V","1","4","3",,,"5000","1",,"1","1","1","0","0","0","0","0","0","1","1","1","1",,,,,"1",,,,"COLEMAN NFH","N"
"S","4.2","20240328","USFWS","USFWS","2016131101","1","2016","1","01",,,"54","N","6","6FCSACLR","V","4","4","3",,,"5000",,,"2",,"0","0","0","0","0","2","0","2","2","2","2",,,,,"1",,,,"CLEAR CREEK","N"
"S","4.2","20241219","USFWS","USFWS","2021130208","1","2021","11","08",,,"50","N","6","6FCSABAT CNFH","V","1","4","3",,,"5000","1179",,"1179","1.01","319","6","2","0","0","0","0","1179","1179","1179","327",,,,,"0.2774",,,,"COLEMAN NFH","N"
"S","4.2","20241219","USFWS","USFWS","2021130209","1","2021","11","09",,,"50","N","6","6FCSABAT CNFH","V","1","4","3",,,"5000","920",,"920","1","244","2","0","0","0","0","0","920","920","920","246",,,,,"0.2674",,,,"COLEMAN NFH","N"
"S","4.2","20241219","USFWS","USFWS","2021130210","1","2021","11","10",,,"50","N","6","6FCSABAT CNFH","V","1","4","3",,,"5000","1122",,"1122","1","266","3","1","0","0","0","0","1122","1122","1122","270",,,,,"0.2406",,,,"COLEMAN NFH","N"
"S","4.2","20241219","USFWS","USFWS","2021130211","1","2021","11","11",,,"50","N","6","6FCSABAT CNFH","V","1","4","3",,,"5000","626",,"626","1","146","2","0","0","0","0","0","626","626","626","148",,,,,"0.2364",,,,"COLEMAN NFH","N"
"S","4.2","20241219","USFWS","USFWS","2021130212","1","2021","11","12",,,"50","N","6","6FCSABAT CNFH","V","1","4","3",,,"5000","1808",,"1808","1","390","4","1","0","0","0","0","1808","1808","1808","395",,,,,"0.2185",,,,"COLEMAN NFH","N"
"S","4.2","20241219","USFWS","USFWS","2021130213","1","2021","11","13",,,"50","N","6","6FCSABAT CNFH","V","1","4","3",,,"5000","944",,"944","1","215","7","0","0","0","0","0","944","944","944","222",,,,,"0.2352",,,,"COLEMAN NFH","N"
"S","4.2","20241219","USFWS","USFWS","2021130214","1","2021","11","14",,,"50","N","6","6FCSABAT CNFH","V","1","4","3",,,"5000","1944",,"1944","1","485","7","0","1","0","0","0","1944","1944","1944","493",,,,,"0.2536",,,,"COLEMAN NFH","N"
"S","4.2","20241219","USFWS","USFWS","2021130215","1","2021","11","15",,,"50","N","6","6FCSABAT CNFH","V","1","4","3",,,"5000","482",,"482","1","0","0","0","0","0","112","0","482","482","482","112",,,,,"0.2324",,,,"COLEMAN NFH","N"
"S","4.2","20241219","USFWS","USFWS","2021130216","1","2021","11","16",,,"50","N","6","6FCSABAT CNFH","V","1","4","3",,,"5000","42",,"42","1","0","0","0","0","0","7","0","42","42","42","7",,,,,"0.1667",,,,"COLEMAN NFH","N"
"S","4.2","20241219","USFWS","USFWS","2021130217","1","2021","11","17",,,"50","N","6","6FCSABAT CNFH","V","1","4","3",,,"5000","1071",,"1071","1","264","4","0","0","0","0","0","1071","1071","1071","268",,,,,"0.2502",,,,"COLEMAN NFH","N"
"S","4.2","20241219","USFWS","USFWS","2021130218","1","2021","11","18",,,"50","N","6","6FCSABAT CNFH","V","1","4","3",,,"5000","256",,"256","1","61","1","0","0","0","0","0","256","256","256","62",,,,,"0.2422",,,,"COLEMAN NFH","N"
"S","4.2","20241219","USFWS","USFWS","2021130219","1","2021","11","19",,,"50","N","6","6FCSABAT CNFH","V","1","4","3",,,"5000","102",,"102","1.06","17","0","0","1","0","0","0","102","102","102","18",,,,,"0.1765",,,,"COLEMAN NFH","N"
"S","4.2","20241219","USFWS","USFWS","2021130220","1","2021","11","20",,,"50","N","6","6FCSABAT CNFH","V","1","4","3",,,"5000","43",,"43","1","6","1","0","0","0","0","0","43","43","43","7",,,,,"0.1628",,,,"COLEMAN NFH","N"
"S","4.2","20241219","USFWS","USFWS","2021130221","1","2021","11","21",,,"50","N","6","6FCSABAT CNFH","V","1","4","3",,,"5000","24",,"24","1","4","1","0","0","0","0","0","24","24","24","5",,,,,"0.2083",,,,"COLEMAN NFH","N"
"S","4.2","20241219","USFWS","USFWS","2021130222","1","2021","11","22",,,"50","N","6","6FCSABAT CNFH","V","1","4","3",,,"5000","10",,"10","1","5","1","0","0","0","0","0","10","10","10","6",,,,,"0.6",,,,"COLEMAN NFH","N"
"S","4.2","20241219","USFWS","USFWS","2021130223","1","2021","11","23",,,"50","N","6","6FCSABAT CNFH","V","1","4","3",,,"5000","3",,"3","1","1","1","0","0","0","0","0","3","3","3","2",,,,,"0.6667",,,,"COLEMAN NFH","N"
"S","4.2","20241219","USFWS","USFWS","2022170209","1","2021","11","09",,,"50","N","6","6FCSABAT CNFH","V","1","4","7",,,"5000","98",,"98","1.01","87","3","1","0","0","0","0","98","98","98","91",,,,,"0.9286",,,,"COLEMAN NFH","N"
"S","4.2","20241219","USFWS","USFWS","2021143301","1","2021","1","01",,,"50","N","6","6FCSABAT CNFH","V","1","4","4",,,"5000","58",,"58","1.04","56","0","0","0","0","2","0","58","58","58","58",,,,,"1",,,,"COLEMAN NFH","N"
"S","4.2","20241219","USFWS","USFWS","2021170201","1","2021","11","01",,,"50","N","6","6FCSABAT CNFH","V","1","4","7",,,"5000","1",,"1","1","1","0","0","0","0","0","0","1","1","1","1",,,,,"1",,,,"COLEMAN NFH","N"
"S","4.2","20241219","USFWS","USFWS","2021170202","1","2021","11","02",,,"50","N","6","6FCSABAT CNFH","V","1","4","7",,,"5000","2",,"2","1","2","0","0","0","0","0","0","2","2","2","2",,,,,"1",,,,"COLEMAN NFH","N"
"S","4.2","20241219","USFWS","USFWS","2021170203","1","2021","11","03",,,"50","N","6","6FCSABAT CNFH","V","1","4","7",,,"5000","20",,"20","1","19","1","0","0","0","0","0","20","20","20","20",,,,,"1",,,,"COLEMAN NFH","N"
"S","4.2","20241219","USFWS","USFWS","2021170204","1","2021","11","04",,,"50","N","6","6FCSABAT CNFH","V","1","4","7",,,"5000","42",,"42","1","35","2","0","0","0","0","0","42","42","42","37",,,,,"0.881",,,,"COLEMAN NFH","N"
"S","4.2","20241219","USFWS","USFWS","2021170205","1","2021","11","05",,,"50","N","6","6FCSABAT CNFH","V","1","4","7",,,"5000","68",,"68","1","61","4","0","0","0","0","0","68","68","68","65",,,,,"0.9559",,,,"COLEMAN NFH","N"
"S","4.2","20241219","USFWS","USFWS","2021170206","1","2021","11","06",,,"50","N","6","6FCSABAT CNFH","V","1","4","7",,,"5000","217",,"217","1","214","2","0","0","0","0","0","217","217","217","216",,,,,"0.9954",,,,"COLEMAN NFH","N"
"S","4.2","20241219","USFWS","USFWS","2021170207","1","2021","11","07",,,"50","N","6","6FCSABAT CNFH","V","1","4","7",,,"5000","263",,"263","1","253","6","1","0","0","0","0","263","263","263","260",,,,,"0.9886",,,,"COLEMAN NFH","N"
"S","4.2","20241219","USFWS","USFWS","2021170208","1","2021","11","08",,,"50","N","6","6FCSABAT CNFH","V","1","4","7",,,"5000","319",,"319","1","309","6","1","0","0","0","0","319","319","319","316",,,,,"0.9906",,,,"COLEMAN NFH","N"
"S","4.2","20241219","USFWS","USFWS","2021170209","1","2021","11","09",,,"50","N","6","6FCSABAT CNFH","V","1","4","7",,,"5000","177",,"177","1.01","174","2","1","0","0","0","0","177","177","177","177",,,,,"1",,,,"COLEMAN NFH","N"
"S","4.2","20241219","USFWS","USFWS","2021170210","1","2021","11","10",,,"50","N","6","6FCSABAT CNFH","V","1","4","7",,,"5000","291",,"291","1.01","280","7","3","0","0","1","0","291","291","291","291",,,,,"1",,,,"COLEMAN NFH","N"
"S","4.2","20241219","USFWS","USFWS","2021170211","1","2021","11","11",,,"50","N","6","6FCSABAT CNFH","V","1","4","7",,,"5000","142",,"142","1","138","3","0","0","0","0","0","142","142","142","141",,,,,"0.993",,,,"COLEMAN NFH","N"
"S","4.2","20241219","USFWS","USFWS","2021170212","1","2021","11","12",,,"50","N","6","6FCSABAT CNFH","V","1","4","7",,,"5000","212",,"212","1.02","203","4","3","1","0","0","0","212","212","212","211",,,,,"0.9953",,,,"COLEMAN NFH","N"
"S","4.2","20241219","USFWS","USFWS","2021170213","1","2021","11","13",,,"50","N","6","6FCSABAT CNFH","V","1","4","7",,,"5000","42",,"42","1","40","2","0","0","0","0","0","42","42","42","42",,,,,"1",,,,"COLEMAN NFH","N"
"S","4.2","20241219","USFWS","USFWS","2021170214","1","2021","11","14",,,"50","N","6","6FCSABAT CNFH","V","1","4","7",,,"5000","50",,"50","1","49","1","0","0","0","0","0","50","50","50","50",,,,,"1",,,,"COLEMAN NFH","N"
"S","4.2","20241219","USFWS","USFWS","2021170601","1","2021","1","01",,,"54","N","6","6FCSABAT","V","1","4","7",,,"5000","54",,"54","1.15","45","2","1","0","0","6","0","54","54","54","54",,,,,"1",,,,"BATTLE CREEK BELOW CNFH","N"
"S","4.2","20241219","USFWS","USFWS","2021130201","1","2021","11","01",,,"50","N","6","6FCSABAT CNFH","V","1","4","3",,,"5000","437",,"437","1.01","98","1","0","0","0","1","0","437","437","437","100",,,,,"0.2288",,,,"COLEMAN NFH","N"
"S","4.2","20241219","USFWS","USFWS","2021130202","1","2021","11","02",,,"50","N","6","6FCSABAT CNFH","V","1","4","3",,,"5000","396",,"396","1","103","2","0","0","0","0","0","396","396","396","105",,,,,"0.2652",,,,"COLEMAN NFH","N"
"S","4.2","20241219","USFWS","USFWS","2021130203","1","2021","11","03",,,"50","N","6","6FCSABAT CNFH","V","1","4","3",,,"5000","307",,"307","1.01","69","1","0","0","0","1","0","307","307","307","71",,,,,"0.2313",,,,"COLEMAN NFH","N"
"S","4.2","20241219","USFWS","USFWS","2021130204","1","2021","11","04",,,"50","N","6","6FCSABAT CNFH","V","1","4","3",,,"5000","1338",,"1338","1","322","7","0","0","0","1","0","1338","1338","1338","330",,,,,"0.2466",,,,"COLEMAN NFH","N"
"S","4.2","20241219","USFWS","USFWS","2021130205","1","2021","11","05",,,"50","N","6","6FCSABAT CNFH","V","1","4","3",,,"5000","1180",,"1180","1","259","2","0","0","0","0","0","1180","1180","1180","261",,,,,"0.2212",,,,"COLEMAN NFH","N"
"S","4.2","20241219","USFWS","USFWS","2021130206","1","2021","11","06",,,"50","N","6","6FCSABAT CNFH","V","1","4","3",,,"5000","1138",,"1138","1","326","2","0","0","0","1","0","1138","1138","1138","329",,,,,"0.2891",,,,"COLEMAN NFH","N"
"S","4.2","20241219","USFWS","USFWS","2021130207","1","2021","11","07",,,"50","N","6","6FCSABAT CNFH","V","1","4","3",,,"5000","1066",,"1066","1","253","4","0","0","0","0","0","1066","1066","1066","257",,,,,"0.2411",,,,"COLEMAN NFH","N"
"S","4.2","20211001","USFWS","USFWS","2017170216","1","2017","11","16",,,"50","N","6","6FCSABAT CNFH","V","1","4","7",,,"5000","105",,"105","1.05","99","1","1","0","0","4","0","105","105","105","105",,,,,"1",,,,"COLEMAN NFH","N"
"S","4.2","20211001","USFWS","USFWS","2017170217","1","2017","11","17",,,"50","N","6","6FCSABAT CNFH","V","1","4","7",,,"5000","4",,"4","1.33","3","0","1","0","0","0","0","4","4","4","4",,,,,"1",,,,"COLEMAN NFH","N"
"S","4.2","20211001","USFWS","USFWS","2017170218","1","2017","11","18",,,"50","N","6","6FCSABAT CNFH","V","1","4","7",,,"5000","55",,"55","1","55","0","0","0","0","0","0","55","55","55","55",,,,,"1",,,,"COLEMAN NFH","N"
"S","4.2","20211001","USFWS","USFWS","2017170219","1","2017","11","19",,,"50","N","6","6FCSABAT CNFH","V","1","4","7",,,"5000","40",,"40","1","38","1","0","0","0","0","0","40","40","40","39",,,,,"0.975",,,,"COLEMAN NFH","N"
"S","4.2","20211001","USFWS","USFWS","2017170220","1","2017","11","20",,,"50","N","6","6FCSABAT CNFH","V","1","4","7",,,"5000","20",,"20","1","19","1","0","0","0","0","0","20","20","20","20",,,,,"1",,,,"COLEMAN NFH","N"
"S","4.2","20211001","USFWS","USFWS","2017170601","1","2017","1","01",,,"52","N","6","6FCSABAT","V","1","4","7",,,"5000","48",,"45","2","24","0","1","0","0","20","0","45","45","45","45",,,,,"1",,,,"BATTLE CREEK BELOW CNFH","N"
"S","4.2","20211001","USFWS","USFWS","2017130201","1","2017","11","01",,,"50","N","6","6FCSABAT CNFH","V","1","4","3",,,"5000","144",,"144","1.03","30","0","1","0","0","0","0","144","144","144","31",,,,,"0.2153",,,,"COLEMAN NFH","N"
"S","4.2","20211001","USFWS","USFWS","2017130202","1","2017","11","02",,,"50","N","6","6FCSABAT CNFH","V","1","4","3",,,"5000","39",,"39","1","8","0","0","0","0","0","0","39","39","39","8",,,,,"0.2051",,,,"COLEMAN NFH","N"
"S","4.2","20211001","USFWS","USFWS","2017130203","1","2017","11","03",,,"50","N","6","6FCSABAT CNFH","V","1","4","3",,,"5000","135",,"135","1.04","23","2","0","0","0","1","0","135","135","135","26",,,,,"0.1926",,,,"COLEMAN NFH","N"
"S","4.2","20211001","USFWS","USFWS","2017130204","1","2017","11","04",,,"50","N","6","6FCSABAT CNFH","V","1","4","3",,,"5000","570",,"570","1.01","128","2","1","0","0","0","0","570","570","570","131",,,,,"0.2298",,,,"COLEMAN NFH","N"
"S","4.2","20211001","USFWS","USFWS","2017130205","1","2017","11","05",,,"50","N","6","6FCSABAT CNFH","V","1","4","3",,,"5000","1045",,"1045","1","255","4","0","0","0","1","0","1045","1045","1045","260",,,,,"0.2488",,,,"COLEMAN NFH","N"
"S","4.2","20211001","USFWS","USFWS","2017130206","1","2017","11","06",,,"50","N","6","6FCSABAT CNFH","V","1","4","3",,,"5000","1127",,"1127","1.01","222","3","2","0","0","0","0","1127","1127","1127","227",,,,,"0.2014",,,,"COLEMAN NFH","N"
"S","4.2","20211001","USFWS","USFWS","2017130207","1","2017","11","07",,,"50","N","6","6FCSABAT CNFH","V","1","4","3",,,"5000","397",,"397","1","94","0","0","0","0","0","0","397","397","397","94",,,,,"0.2368",,,,"COLEMAN NFH","N"
"S","4.2","20211001","USFWS","USFWS","2017130208","1","2017","11","08",,,"50","N","6","6FCSABAT CNFH","V","1","4","3",,,"5000","771",,"771","1.01","154","4","1","0","0","1","0","771","771","771","160",,,,,"0.2075",,,,"COLEMAN NFH","N"
"S","4.2","20211001","USFWS","USFWS","2017130209","1","2017","11","09",,,"50","N","6","6FCSABAT CNFH","V","1","4","3",,,"5000","969",,"969","1","215","2","1","0","0","0","0","969","969","969","218",,,,,"0.225",,,,"COLEMAN NFH","N"
"S","4.2","20211001","USFWS","USFWS","2017130210","1","2017","11","10",,,"50","N","6","6FCSABAT CNFH","V","1","4","3",,,"5000","654",,"654","1.02","138","2","1","0","0","2","0","654","654","654","143",,,,,"0.2187",,,,"COLEMAN NFH","N"
"S","4.2","20211001","USFWS","USFWS","2017130211","1","2017","11","11",,,"50","N","6","6FCSABAT CNFH","V","1","4","3",,,"5000","203",,"203","1.02","42","0","1","0","0","0","0","203","203","203","43",,,,,"0.2118",,,,"COLEMAN NFH","N"
"S","4.2","20211001","USFWS","USFWS","2017130212","1","2017","11","12",,,"50","N","6","6FCSABAT CNFH","V","1","4","3",,,"5000","140",,"140","1","28","0","0","0","0","0","0","140","140","140","28",,,,,"0.2",,,,"COLEMAN NFH","N"
"S","4.2","20211001","USFWS","USFWS","2017130213","1","2017","11","13",,,"50","N","6","6FCSABAT CNFH","V","1","4","3",,,"5000","33",,"33","1","8","0","0","0","0","0","0","33","33","33","8",,,,,"0.2424",,,,"COLEMAN NFH","N"
"S","4.2","20211001","USFWS","USFWS","2017130214","1","2017","11","14",,,"50","N","6","6FCSABAT CNFH","V","1","4","3",,,"5000","66",,"66","1","16","0","0","0","0","0","0","66","66","66","16",,,,,"0.2424",,,,"COLEMAN NFH","N"
"S","4.2","20211001","USFWS","USFWS","2017130215","1","2017","11","15",,,"50","N","6","6FCSABAT CNFH","V","1","4","3",,,"5000","24",,"24","1","2","0","0","0","0","0","0","24","24","24","2",,,,,"0.0833",,,,"COLEMAN NFH","N"
"S","4.2","20211001","USFWS","USFWS","2017130216","1","2017","11","16",,,"50","N","6","6FCSABAT CNFH","V","1","4","3",,,"5000","28",,"28","1","5","0","0","0","0","0","0","28","28","28","5",,,,,"0.1786",,,,"COLEMAN NFH","N"
"S","4.2","20211001","USFWS","USFWS","2017130217","1","2017","11","17",,,"50","N","6","6FCSABAT CNFH","V","1","4","3",,,"5000","19",,"19","1","3","0","0","0","0","0","0","19","19","19","3",,,,,"0.1579",,,,"COLEMAN NFH","N"
"S","4.2","20211001","USFWS","USFWS","2017130218","1","2017","11","18",,,"50","N","6","6FCSABAT CNFH","V","1","4","3",,,"5000","15",,"15","1","2","0","0","0","0","0","0","15","15","15","2",,,,,"0.1333",,,,"COLEMAN NFH","N"
"S","4.2","20211001","USFWS","USFWS","2017130219","1","2017","11","19",,,"50","N","6","6FCSABAT CNFH","V","1","4","3",,,"5000","15",,"15","1","4","0","0","0","0","0","0","15","15","15","4",,,,,"0.2667",,,,"COLEMAN NFH","N"
"S","4.2","20211001","USFWS","USFWS","2017130220","1","2017","11","20",,,"50","N","6","6FCSABAT CNFH","V","1","4","3",,,"5000","2",,"2","1","2","0","0","0","0","0","0","2","2","2","2",,,,,"1",,,,"COLEMAN NFH","N"
"S","4.2","20241220","CDFW","CDFW","BAT54323","1","2023","1","01",,,"54","N","4","6FCSABAT","V","1",,"3",,,,"1255","14","1255","1",,,,,,,,"1255","1255","1255","0",,,,,,,,,"BATTLE CREEK BELOW CNFH","N"
"S","4.2","20241220","CDFW","CDFW","CLR54323D","1","2023","1","01",,,"54","N","4","6FCSACLR","V","1",,"3",,,,,"62","3","9.05","3",,,,,,,"3","3","3","3",,,,,"1",,,,"CLEAR CREEK","N"
"S","4.2","20241220","CDFW","CDFW","CLR54323F","1","2023","1","01",,,"54","N","4","6FCSACLR","V","1",,"3",,,,"1110","62","115","9.05","29","1",,"1",,,,"115","115","115","31",,,,,"0.2696",,,,"CLEAR CREEK","N"
"S","4.2","20241220","CDFW","CDFW","COT54323","1","2023","1","01",,,"54","N","4","6FCSACOT","V","2",,"3",,,,"214",,"4",,,,,,,,,"4","4","4","0",,,,,,,,,"COTTONWOOD CREEK","N"
"S","4.2","20250219","USFWS","USFWS","2019170205","1","2019","11","05",,,"50","N","6","6FCSABAT CNFH","V","1","4","7",,,"5000","7",,"7","1","7","0","0","0","0","0","0","7","7","7","7",,,,,"1",,,,"COLEMAN NFH","N"
"S","4.2","20250219","USFWS","USFWS","2019170206","1","2019","11","06",,,"50","N","6","6FCSABAT CNFH","V","1","4","7",,,"5000","16",,"16","1","16","0","0","0","0","0","0","16","16","16","16",,,,,"1",,,,"COLEMAN NFH","N"
"S","4.2","20250219","USFWS","USFWS","2019170207","1","2019","11","07",,,"50","N","6","6FCSABAT CNFH","V","1","4","7",,,"5000","35",,"35","1","33","1","0","0","0","0","0","35","35","35","34",,,,,"0.9714",,,,"COLEMAN NFH","N"
"S","4.2","20250219","USFWS","USFWS","2019170208","1","2019","11","08",,,"50","N","6","6FCSABAT CNFH","V","1","4","7",,,"5000","28",,"28","1","24","1","0","0","0","0","0","28","28","28","25",,,,,"0.8929",,,,"COLEMAN NFH","N"
"S","4.2","20250219","USFWS","USFWS","2019170209","1","2019","11","09",,,"50","N","6","6FCSABAT CNFH","V","1","4","7",,,"5000","457",,"457","1","417","4","0","0","0","0","0","457","457","457","421",,,,,"0.9212",,,,"COLEMAN NFH","N"
"S","4.2","20250219","USFWS","USFWS","2019170210","1","2019","11","10",,,"50","N","6","6FCSABAT CNFH","V","1","4","7",,,"5000","445",,"445","1.01","414","2","1","2","0","0","0","445","445","445","419",,,,,"0.9416",,,,"COLEMAN NFH","N"
"S","4.2","20250219","USFWS","USFWS","2019170211","1","2019","11","11",,,"50","N","6","6FCSABAT CNFH","V","1","4","7",,,"5000","499",,"499","1","471","2","0","1","0","0","0","499","499","499","474",,,,,"0.9499",,,,"COLEMAN NFH","N"
"S","4.2","20250219","USFWS","USFWS","2019170212","1","2019","11","12",,,"50","N","6","6FCSABAT CNFH","V","1","4","7",,,"5000","490",,"490","1.01","470","4","2","0","0","2","0","490","490","490","478",,,,,"0.9755",,,,"COLEMAN NFH","N"
"S","4.2","20250219","USFWS","USFWS","2019170213","1","2019","11","13",,,"50","N","6","6FCSABAT CNFH","V","1","4","7",,,"5000","44",,"44","1","42","0","0","0","0","0","0","44","44","44","42",,,,,"0.9545",,,,"COLEMAN NFH","N"
"S","4.2","20250219","USFWS","USFWS","2019170214","1","2019","11","14",,,"50","N","6","6FCSABAT CNFH","V","1","4","7",,,"5000","154",,"154","1.04","141","3","1","3","0","1","0","154","154","154","149",,,,,"0.9675",,,,"COLEMAN NFH","N"
"S","4.2","20250219","USFWS","USFWS","2019170215","1","2019","11","15",,,"50","N","6","6FCSABAT CNFH","V","1","4","7",,,"5000","217",,"217","1.06","199","2","1","10","0","0","0","217","217","217","212",,,,,"0.977",,,,"COLEMAN NFH","N"
"S","4.2","20250219","USFWS","USFWS","2019170216","1","2019","11","16",,,"50","N","6","6FCSABAT CNFH","V","1","4","7",,,"5000","951",,"951","1.01","923","6","4","6","0","0","0","951","951","951","939",,,,,"0.9874",,,,"COLEMAN NFH","N"
"S","4.2","20250219","USFWS","USFWS","2019170217","1","2019","11","17",,,"50","N","6","6FCSABAT CNFH","V","1","4","7",,,"5000","8",,"8","1","8","0","0","0","0","0","0","8","8","8","8",,,,,"1",,,,"COLEMAN NFH","N"
"S","4.2","20250219","USFWS","USFWS","2019170218","1","2019","11","18",,,"50","N","6","6FCSABAT CNFH","V","1","4","7",,,"5000","1236",,"1236","1.01","1181","12","5","3","0","4","0","1236","1236","1236","1205",,,,,"0.9749",,,,"COLEMAN NFH","N"
"S","4.2","20250219","USFWS","USFWS","2019170219","1","2019","11","19",,,"50","N","6","6FCSABAT CNFH","V","1","4","7",,,"5000","1692",,"1692","1.01","1613","27","7","10","0","5","0","1692","1692","1692","1662",,,,,"0.9823",,,,"COLEMAN NFH","N"
"S","4.2","20250219","USFWS","USFWS","2019170220","1","2019","11","20",,,"50","N","6","6FCSABAT CNFH","V","1","4","7",,,"5000","20",,"20","1","19","1","0","0","0","0","0","20","20","20","20",,,,,"1",,,,"COLEMAN NFH","N"
"S","4.2","20250219","USFWS","USFWS","2019170221","1","2019","11","21",,,"50","N","6","6FCSABAT CNFH","V","1","4","7",,,"5000","860",,"860","1.01","825","14","5","2","0","2","0","860","860","860","848",,,,,"0.986",,,,"COLEMAN NFH","N"
"S","4.2","20250219","USFWS","USFWS","2019170222","1","2019","11","22",,,"50","N","6","6FCSABAT CNFH","V","1","4","7",,,"5000","1",,"1","1","1","0","0","0","0","0","0","1","1","1","1",,,,,"1",,,,"COLEMAN NFH","N"
"S","4.2","20250219","USFWS","USFWS","2019170223","1","2019","11","23",,,"50","N","6","6FCSABAT CNFH","V","1","4","7",,,"5000","465",,"465","1","453","8","1","0","0","1","0","465","465","465","463",,,,,"0.9957",,,,"COLEMAN NFH","N"
"S","4.2","20250219","USFWS","USFWS","2019170224","1","2019","11","24",,,"50","N","6","6FCSABAT CNFH","V","1","4","7",,,"5000","210",,"210","1.01","203","2","0","1","0","1","0","210","210","210","207",,,,,"0.9857",,,,"COLEMAN NFH","N"
"S","4.2","20250219","USFWS","USFWS","2019170225","1","2019","11","25",,,"50","N","6","6FCSABAT CNFH","V","1","4","7",,,"5000","180",,"180","1.01","173","3","0","2","0","0","0","180","180","180","178",,,,,"0.9889",,,,"COLEMAN NFH","N"
"S","4.2","20250219","USFWS","USFWS","2019170226","1","2019","11","26",,,"50","N","6","6FCSABAT CNFH","V","1","4","7",,,"5000","74",,"74","1.01","70","3","0","1","0","0","0","74","74","74","74",,,,,"1",,,,"COLEMAN NFH","N"
"S","4.2","20250219","USFWS","USFWS","2019170601","1","2019","1","01",,,"54","N","6","6FCSABAT","V","1","4","7",,,"5000","83",,"83","1.02","81","0","0","1","0","1","0","83","83","83","83",,,,,"1",,,,"BATTLE CREEK BELOW CNFH","N"
"S","4.2","20060710","CDFW","CDFW","5425012004","1","2004","1","01",,,"54",,"4","6FCSABUT","V","1",,"3",,,,"2456","61","1636","1.54","40","2","1",,,,,"1636","1636","1636","43",,,,,"0.0263",,,,"BUTTE CREEK","N"
"S","4.2","20060710","CDFW","CDFW","5415012004","1","2004","1","01",,,"54",,"4","6FCSABUT","V","1",,"1",,,,"10639","61","4953","2.15","13","2",,,,,,"4953","4953","4953","15",,,,,"0.003",,,,"BUTTE CREEK","N"
"S","4.2","20060710","CDFW","CDFW","5412012004","1","2004","1","01",,,"54",,"4","6FCSABAT","V","1",,"3",,,,"23861","61","12462","2.44","114","16",,"31",,,,"12462","12462","12462","161",,,,,"0.0129",,,,"BATTLE CREEK BELOW CNFH","N"
"S","4.2","20060710","CDFW","CDFW","5413012004","1","2004","1","01",,,"54",,"4","6FCSACLR","V","1",,"3",,,,"6365","61","3194","2.47","46","5",,"11",,,,"3194","3194","3194","62",,,,,"0.0194",,,,"CLEAR CREEK","N"
"S","4.2","20060710","CDFW","CDFW","5413012001","1","2001","1","01",,,"54",,"4","6FCSACLR","V","1",,"3",,,,"10865","61","3427","3.29","40","12",,,,"2",,"3427","3427","3427","54",,,,,"0.0158",,,,"CLEAR CREEK","N"
"S","4.2","20200416","CDFW","CDFW","54BUT118","1","2018","1","01",,,"54","N","4","6FCSABUT","V","1",,"1",,,,"2362","61","1010","2.34",,,,,,,,"1010","1010","1010","0",,,,,,,,,"BUTTE CREEK","N"
"S","4.2","20200416","CDFW","CDFW","54BUT318","1","2018","1","01",,,"54","N","4","6FCSABUT","V","1",,"3",,,,"12",,"12","1","1",,,,,,,"12","12","12","1",,,,,"0.0833",,,,"BUTTE CREEK","N"
"S","4.2","20200416","CDFW","CDFW","54CLR318","1","2018","1","01",,,"54","N","4","6FCSACLR","V","1",,"3",,,,"8547","61","281","32.44","15",,,,,"1",,"281","281","281","16",,,,,"0.0569",,,,"CLEAR CREEK","N"
"S","4.2","20200416","CDFW","CDFW","54COT318","1","2018","1","01",,,"54","N","4","6FCSACOT","V","2",,"3",,,,"453",,"1",,"1",,,,,,,"1","1","1","1",,,,,"1",,,,"COTTONWOOD CREEK","N"
"S","4.2","20220420","USFWS","USFWS","2013130223","1","2013","7","23",,,"50","N","6","6FCSABAT CNFH","V","1","4",,,,"5000","698",,"32","3.94","30","2","0","0","0","0","0","698","698","698","126",,,,,"0.1805",,,,"COLEMAN NFH","N"
"S","4.2","20220420","USFWS","USFWS","2013130224","1","2013","7","24",,,"50","N","6","6FCSABAT CNFH","V","1","4",,,,"5000","389",,"6","5.6","5","0","1","0","0","0","0","389","389","389","28",,,,,"0.072",,,,"COLEMAN NFH","N"
"S","4.2","20220420","USFWS","USFWS","2013130225","1","2013","7","25",,,"50","N","6","6FCSABAT CNFH","V","1","4",,,,"5000","203",,"10","1","8","2","0","0","0","0","0","203","203","203","10",,,,,"0.0493",,,,"COLEMAN NFH","N"
"S","4.2","20220420","USFWS","USFWS","2013130226","1","2013","7","26",,,"50","N","6","6FCSABAT CNFH","V","1","4",,,,"5000","122",,"5","1.5","2","2","1","0","0","0","0","122","122","121","5",,,,,"0.0413",,,,"COLEMAN NFH","N"
"S","4.2","20220420","USFWS","USFWS","2013131701","1","2013","1","01",,,"54","N",,"6FCSACOT","V","4","4",,,,"5000",,,"105",,"88","16","1","0","0","0","0","105","105","92","92",,,,,"1",,,,"COTTONWOOD CREEK","N"
"S","4.2","20220420","USFWS","USFWS","2013170201","1","2013","7","01",,,"50","N","6","6FCSABAT CNFH","V","1","4",,,,"5000","4",,"1","4","1","0","0","0","0","0","0","4","4","4","4",,,,,"1",,,,"COLEMAN NFH","N"
"S","4.2","20220420","USFWS","USFWS","2013170203","1","2013","7","03",,,"50","N","6","6FCSABAT CNFH","V","1","4",,,,"5000","10",,"2","5","2","0","0","0","0","0","0","10","10","10","10",,,,,"1",,,,"COLEMAN NFH","N"
"S","4.2","20060710","CDFW","CDFW","5421012002","1","2002","1","01",,,"54",,"4","6FCSABUT","V","1",,"3",,,,"3415","61","1631","2.14","41","3","1",,,,,"1631","1631","1631","45",,,,,"0.0276",,,,"BUTTE CREEK","N"
"S","4.2","20060710","CDFW","CDFW","5415012002","1","2002","1","01",,,"54",,"4","6FCSABUT","V","1",,"1",,,,"16028","61","6226","2.57","19","11",,,,,,"6226","6226","6226","30",,,,,"0.0048",,,,"BUTTE CREEK","N"
"S","4.2","20060710","CDFW","CDFW","5412012002","1","2002","1","01",,,"54",,"4","6FCSABAT","V","1",,"3",,,,"397149","61","18169","69.74","140","16","3","22",,"309",,"18169","18169","18169","490",,,,,"0.027",,,,"BATTLE CREEK BELOW CNFH","N"
"S","4.2","20020325","CDFW","CDFW","54150100","1","2000","1","01",,,"54",,"4","6FCSABAT","V","1",,,,,,"53447",,"21624","4.06","216","73","4",,"7","128",,"21624","21624","21624","428",,,,,,,,,"BATTLE CREEK BELOW CNFH","N"
"S","4.2","20020325","CDFW","CDFW","54160100","1","2000","1","01",,,"54",,"4","6FCSACLR","V","1",,,,,,"6687",,"3034","2.2","8","5",,,,,,"3034","3034","3034","13",,,,,,,,,"CLEAR CREEK","N"
"S","4.2","20040415","USFWS","USFWS","RCLUCV01","1","1984","1","01",,,"50","N","6","6FCSABAT CNFH","V","1","4",,,,,"20528",,"20528","1","669","198","2","0","0","0",,"20528","20528","20528","20528",,,,,"1",,,,"COLEMAN NFH","N"
"S","4.2","20070402","USFWS","USFWS","19991301","1","1999","1","01",,,"50",,"6","6FCSABAT CNFH","V","1","4","3",,,"5000","26968",,"26968","1","1394","177","46","5","0","0","0","26968","26968","26968","1622",,,,,"0.0601",,,,"COLEMAN NFH","N"
"S","4.2","20030904","USFWS","USFWS","RCLUC101","1","1980","1","01",,,"50","N","6","6FCSABAT CNFH","V","1","4",,,,,"5397",,"5397","1","80","24","0","0","0","0","0","5397","5397","5397","104",,,,,"0.0193",,,,"COLEMAN NFH","N"
"S","4.2","20150511","USFWS","USFWS","20121708","1","2012","1","01",,,"54","N",,"6FCSACLR","V","4","4",,,,"5000",,,"12",,"7","2","0","0","0","0","0","12","12","9","9",,,,,"0.5714",,,,"CLEAR CREEK","N"
"S","4.2","20030529","USFWS","USFWS","28","1","1994","1","01",,,"50","N","5","6FCSABAT CNFH","V","4","4","1",,,,,,"1",,"1","0","0","0","0","0",,"1","1","1","1",,,,,,,,,"COLEMAN NFH","N"
"S","4.2","20030902","USFWS","USFWS","27","1","1995","1","01",,,"50","N","5","6FCSABAT CNFH","V","1","4",,,,,"492",,"492","1","424","13","2","0","0","1",,"492","492","492","440",,,,,,,,,"COLEMAN NFH","N"
"S","4.2","20030902","USFWS","USFWS","26","1","1995","1","01",,,"50","N","5","6FCSABAT CNFH","V","1","4",,,,,"26677",,"26677","1","606","82","4","0","0","9",,"26677","26677","26677","701",,,,,,,,,"COLEMAN NFH","N"
"S","4.2","20030902","USFWS","USFWS","25","1","1995","1","01",,,"50","N","5","6FCSABAT CNFH","V","4","4",,,,,,,"1",,"1","0","0","0","0","0",,"1","1","1","1",,,,,,,,,"COLEMAN NFH","N"
"S","4.2","20030902","USFWS","USFWS","24","1","1995","1","01",,,"50","N","4","6FCSABAT","V","4","4",,,,,,,"11",,"8","3","0","0","0","0",,"11","11","11","11",,,,,,,,,"BATTLE CREEK BELOW CNFH","N"
"S","4.2","20030804","USFWS","USFWS","RCLUC101","1","1983","1","01",,,"50","N","6","6FCSABAT CNFH","V","1","4",,,,,"9359",,"9359","1","230","58","0","0","0","0","0","9359","9359","9359","288",,,,,"0.0308",,,,"COLEMAN NFH","N"
"S","4.2","20030807","USFWS","USFWS","RCLFC10150","1","1990","1","01",,,"50","N","6","6FCSABAT CNFH","V","1","4",,,,,"14650",,"14650","1","223","38","1","0","1","0","0","14650","14650","14650","263",,,,,"0.018",,,,"COLEMAN NFH","N"
"S","4.2","20140422","USFWS","USFWS","20041301","1","2004","1","01",,,"50",,"6","6FCSABAT CNFH","V","1","4","3",,,"5000","68232",,"68232","1","4744","217","65","146","0","0","0","68232","68232","68232","5173",,,,,"0.0758",,,,"COLEMAN NFH","N"
"S","4.2","20140422","USFWS","USFWS","20041701","1","2004","1","01",,,"50",,"6","6FCSABAT CNFH","V","1","4","7",,,"5000","5039",,"5039","1","4830","96","46","26","0","0","0","5039","5039","5039","4998",,,,,"0.9919",,,,"COLEMAN NFH","N"
"S","4.2","20080125","USFWS","USFWS","20011301","1","2001","1","01",,,"50",,"6","6FCSABAT CNFH","V","1","4","3",,,"5000","25547",,"25547","1","1324","176","10","6","0","0","0","25547","25547","25547","1516",,,,,"0.0593",,,,"COLEMAN NFH","N"
"S","4.2","20080125","USFWS","USFWS","20011701","1","2001","1","01",,,"50",,"6","6FCSABAT CNFH","V","1","4","7",,,"5000","2514",,"2514","1","2245","149","16","5","0","0","1","2514","2514","2507","2409",,,,,"0.9582",,,,"COLEMAN NFH","N"
"S","4.2","20080125","USFWS","USFWS","20021301","1","2002","1","01",,,"50",,"6","6FCSABAT CNFH","V","1","4","3",,,"5000","66058",,"66058","1","4665","410","97","15","0","8","0","66058","66058","66058","5196",,,,,"0.0787",,,,"COLEMAN NFH","N"
"S","4.2","20080125","USFWS","USFWS","20021701","1","2002","1","01",,,"50",,"6","6FCSABAT CNFH","V","1","4","7",,,"5000","3783",,"3783","1","3435","96","36","3","0","0","0","3783","3783","3781","3568",,,,,"0.9432",,,,"COLEMAN NFH","N"
"S","4.2","20080312","USFWS","USFWS","20031701","1","2003","1","01",,,"50",,"6","6FCSABAT CNFH","V","1","4","7",,,"5000","2797",,"2797","1","2567","91","77","5","0","0","0","2797","2797","2797","2740",,,,,"0.9796",,,,"COLEMAN NFH","N"
"S","4.2","20080312","USFWS","USFWS","20031301","1","2003","1","01",,,"50",,"6","6FCSABAT CNFH","V","1","4","3",,,"5000","88281",,"43732","2.02","4166","257","81","51","0","0","0","43732","43732","43732","4555",,,,,"0.1042",,,,"COLEMAN NFH","N"
"S","4.2","20080618","USFWS","USFWS","20051701","1","2005","1","01",,,"50",,"6","6FCSABAT CNFH","V","1","4","7",,,"5000","6491",,"6491","1","5208","183","63","10","0","0","0","6491","6491","6491","5464",,,,,"0.8418",,,,"COLEMAN NFH","N"
"S","4.2","20070402","USFWS","USFWS","19991701","1","1999","1","01",,,"50",,"6","6FCSABAT CNFH","V","1","4","7",,,"5000","6797",,"6797","1","6066","597","127","1","0","0","0","6797","6797","6770","6764",,,,,"0.9951",,,,"COLEMAN NFH","N"
"S","4.2","20120807","USFWS","USFWS","20001302","1","2000","1","01",,,"50","N","6","6FCSABAT CNFH","V","1","4","3",,,"5000","19389",,"19389","1","1051","205","0","0","0","0","0","19389","19389","19389","1256",,,,,"0.0648",,,,"COLEMAN NFH","N"
"S","4.2","20120807","USFWS","USFWS","20001701","1","2000","1","01",,,"50","N","6","6FCSABAT CNFH","V","1","4","7",,,"5000","4035",,"4035","1","3582","422","26","1","0","0","0","4035","4035","3979","3975",,,,,"0.9851",,,,"COLEMAN NFH","N"
"S","4.2","20080618","USFWS","USFWS","20051301","1","2005","1","01",,,"50",,"6","6FCSABAT CNFH","V","1","4","3",,,"5000","142283",,"142283","1","1267","113","16","36","0","0","0","142283","142283","142283","1432",,,,,"0.0101",,,,"COLEMAN NFH","N"
"S","4.2","20060710","CDFW","CDFW","5433012003","1","2003","1","01",,,"54",,"4","6FCSACOT","V","4",,"3",,,,,,"210",,"6",,,"2",,,,"210","210","210","8",,,,,,,,,"COTTONWOOD CREEK","N"
"S","4.2","20060710","CDFW","CDFW","5413012002","1","2002","1","01",,,"54",,"4","6FCSACLR","V","1",,"3",,,,"16071","61","6091","2.81","31","8","1","1",,,,"6091","6091","6091","41",,,,,"0.0067",,,,"CLEAR CREEK","N"
"S","4.2","20060710","CDFW","CDFW","5425012003","1","2003","1","01",,,"54",,"4","6FCSABUT","V","1",,"3",,,,"3310","61","1875","1.83","86","5","3",,,,,"1875","1875","1875","94",,,,,"0.0501",,,,"BUTTE CREEK","N"
"S","4.2","20060710","CDFW","CDFW","5418012003","1","2003","3","06","12","17","54",,"4","6FCSABUT","V","1",,"1",,,,"11231","61","5555","2.02","24","7",,,,,,"5555","5555","5555","31",,,,,"0.0056",,,,"BUTTE CREEK","N"
"S","4.2","20060710","CDFW","CDFW","5415012003","1","2003","3","03","18","20","54",,"4","6FCSABUT","V","1",,"1",,,,"6063","61","3962","1.53","14","3",,,,,,"3962","3962","3962","17",,,,,"0.0043",,,,"BUTTE CREEK","N"
"S","4.2","20080324","CDFW","CDFW","5412063106","1","2006","1","01",,,"54",,"4","6FCSACLR","V","1",,"3",,,,"8422",,"4923","2.57","2","6","1","0","0","0","0","4923","4923","4923","9",,,,,"0.0018",,,,"CLEAR CREEK","N"
"S","4.2","20080605","CDFW","CDFW","FABUTSC05","1","2005","1","01",,,"54",,"4","6FCSABUT","V","1",,"1",,,,"17615",,"11511","1.53","40","4","0","0","0","0","0","11511","11511","11511","44",,,,,"0.0038",,,,"BUTTE CREEK","N"
"S","4.2","20080605","CDFW","CDFW","FABUTFC05","1","2005","1","01",,,"54",,"4","6FCSABUT","V","1",,"3",,,,"4255",,"2345","1.81","4","0","0","0","0","0","0","2345","2345","2345","4",,,,,"0.0017",,,,"BUTTE CREEK","N"
"S","4.2","20080605","CDFW","CDFW","FABATFC05","1","2005","1","01",,,"54",,"4","6FCSABAT","V","1",,"3",,,,"20520",,"10258","2","69","17","0","0","0","0","0","10258","10258","10258","86",,,,,"0.0084",,,,"BATTLE CREEK BELOW CNFH","N"
"S","4.2","20101208","CDFW","CDFW","09BUT543","1","2009","1","01",,,"54","N","4","6FCSABUT","V","1","4","3",,,,"306","61","42","7.29","3",,,,,,,"42","42","42","3",,,,,"0.0714",,,,"BUTTE CREEK","N"
"S","4.2","20101208","CDFW","CDFW","09CLR543","1","2009","1","01",,,"54","N","4","6FCSACLR","V","1","4","3",,,,"3228","61","1309","2.53","41","6",,"1",,,,"1309","1309","1309","48",,,,,"0.0367",,,,"CLEAR CREEK","N"
"S","4.2","20101208","CDFW","CDFW","09BUT541","1","2009","1","01",,,"54","N","4","6FCSABUT","V","1","4","1",,,,"2687","61","2285","1.18","6","1",,,,,,"2285","2285","2285","7",,,,,"0.0031",,,,"BUTTE CREEK","N"
"S","4.2","20130129","CDFW","CDFW","BUT54311","1","2011","1","01",,,"54","N","4","6FCSABUT","V","1","4","3",,,,"419","61","179","2.34","4",,,,,,,"179","179","179","4",,,,,"0.0223",,,,"BUTTE CREEK","N"
"S","4.2","20130129","CDFW","CDFW","CLR54311","1","2011","1","01",,,"54","N","4","6FCSACLR","V","1","4","3",,,,"4841","61","647","3.5","36","3",,"1",,"2",,"647","647","647","42",,,,,"0.0649",,,,"CLEAR CREEK","N"
"S","4.2","20130129","CDFW","CDFW","COT54311","1","2011","1","01",,,"54","N","4","6FCSACOT","V","2","3","3",,,,"2144",,"2144",,"54","6","1",,,"1",,"2144","2144","2144","62",,,,,"0.0289",,,,"COTTONWOOD CREEK","N"
"S","4.2","20211013","CDFW","CDFW","BAT54319","1","2019","1","01",,,"54","N","4","6FCSABAT","V","1",,"3",,,,"20875","14","20875","1",,,,,,,,"20875","20875","20875","0",,,,,,,,,"BATTLE CREEK BELOW CNFH","N"
"S","4.2","20211013","CDFW","CDFW","BUT54119","1","2019","1","01",,,"54","N","4","6FCSABUT","V","1",,"1",,,,"14860","61","6247","2.38",,,,,,,,"6247","6247","6247","0",,,,,,,,,"BUTTE CREEK","N"
"S","4.2","20211013","CDFW","CDFW","BUT54319","1","2019","1","01",,,"54","N","4","6FCSABUT","V","1",,"3",,,,"1481",,"171","8.66",,,,,,,,"171","171","171","0",,,,,,,,,"BUTTE CREEK","N"
"S","4.2","20211013","CDFW","CDFW","CLR54319D","1","2019","1","01",,,"54","N","4","6FCSACLR","V","1",,"3",,,,,"62","4","9.79","3",,,,,,,"4","4","4","3",,,,,"0.75",,,,"CLEAR CREEK","N"
"S","4.2","20211013","CDFW","CDFW","CLR54319F","1","2019","1","01",,,"54","N","4","6FCSACLR","V","1",,"3",,,,"5712","62","521","9.79","25","2",,,,,,"521","521","521","27",,,,,"0.0518",,,,"CLEAR CREEK","N"
"S","4.2","20211013","CDFW","CDFW","COT54319","1","2019","1","01",,,"54","N","4","6FCSACOT","V","2",,"3",,,,"1317",,"31",,"5",,,,,,,"31","31","31","5",,,,,"0.1613",,,,"COTTONWOOD CREEK","N"
"S","4.2","20241003","CDFW","CDFW","BAT54322","1","2022","1","01",,,"54","N","4","6FCSABAT","V","1",,"3",,,,"1620","14","1620","1",,,,,,,,"1620","1620","1620","0",,,,,,,,,"BATTLE CREEK BELOW CNFH","N"
"S","4.2","20241003","CDFW","CDFW","BUT54122","1","2022","1","01",,,"54","N","4","6FCSABUT","V","1",,"1",,,,"3688","61","1079","3.42",,,,,,,,"1079","1079","1079","0",,,,,,,,,"BUTTE CREEK","N"
"S","4.2","20241003","CDFW","CDFW","CLR54322D","1","2022","1","01",,,"54","N","4","6FCSACLR","V","1",,"3",,,,,"62","18","9.44","13","4",,,,,,"18","18","18","17",,,,,"0.9444",,,,"CLEAR CREEK","N"
"S","4.2","20241003","CDFW","CDFW","CLR54322F","1","2022","1","01",,,"54","N","4","6FCSACLR","V","1",,"3",,,,"2997","62","235","9.44","37","3",,,,,,"235","235","235","40",,,,,"0.1702",,,,"CLEAR CREEK","N"
"S","4.2","20241003","CDFW","CDFW","COT54322","1","2022","1","01",,,"54","N","4","6FCSACOT","V","2",,"3",,,,"5",,,,,,,,,,,"0","0",,,,,,,,,,,"COTTONWOOD CREEK","N"
"S","4.2","20241218","CDFW","CDFW","BAT54321","1","2021","1","01",,,"54","N","4","6FCSABAT","V","1",,"3",,,,"17453","14","17453","1",,,,,,,,"17453","17453","17453","0",,,,,,,,,"BATTLE CREEK BELOW CNFH","N"
"S","4.2","20241218","CDFW","CDFW","BUT54121","1","2021","1","01",,,"54","N","4","6FCSABUT","V","1",,"1",,,,"1807","61","374","4.83",,,,,,,,"374","374","374","0",,,,,,,,,"BUTTE CREEK","N"
"S","4.2","20241218","CDFW","CDFW","CLR54321D","1","2021","1","01",,,"54","N","4","6FCSACLR","V","1",,"3",,,,,"62","107","14.16","50","10",,,,,,"107","107","107","60",,,,,"0.5607",,,,"CLEAR CREEK","N"
"S","4.2","20241218","CDFW","CDFW","CLR54321F","1","2021","1","01",,,"54","N","4","6FCSACLR","V","1",,"3",,,,"19867","62","1071","14.16","153","10",,"2",,,,"1071","1071","1071","165",,,,,"0.1541",,,,"CLEAR CREEK","N"
"S","4.2","20241218","CDFW","CDFW","COT54321","1","2021","1","01",,,"54","N","4","6FCSACOT","V","2",,"3",,,,"1955",,,,,,,,,,,"0","0",,,,,,,,,,,"COTTONWOOD CREEK","N"
"S","4.2","20250219","USFWS","USFWS","2018130223","1","2019","11","23",,,"50","N","6","6FCSABAT CNFH","V","1","4","3",,,"5000","1",,"1","1","1","0","0","0","0","0","0","1","1","1","1",,,,,"1",,,,"COLEMAN NFH","N"
"S","4.2","20250219","USFWS","USFWS","2019130201","1","2019","11","01",,,"50","N","6","6FCSABAT CNFH","V","1","4","3",,,"5000","19",,"19","1","2","0","0","0","0","0","0","19","19","19","2",,,,,"0.1053",,,,"COLEMAN NFH","N"
"S","4.2","20250219","USFWS","USFWS","2019130202","1","2019","11","02",,,"50","N","6","6FCSABAT CNFH","V","1","4","3",,,"5000","425",,"425","1","85","2","0","0","0","0","0","425","425","425","87",,,,,"0.2047",,,,"COLEMAN NFH","N"
"S","4.2","20250219","USFWS","USFWS","2019130203","1","2019","11","03",,,"50","N","6","6FCSABAT CNFH","V","1","4","3",,,"5000","197",,"197","1","34","0","0","0","0","0","0","197","197","197","34",,,,,"0.1726",,,,"COLEMAN NFH","N"
"S","4.2","20250219","USFWS","USFWS","2019130204","1","2019","11","04",,,"50","N","6","6FCSABAT CNFH","V","1","4","3",,,"5000","552",,"552","1.02","130","1","2","0","0","0","0","552","552","552","133",,,,,"0.2409",,,,"COLEMAN NFH","N"
"S","4.2","20250219","USFWS","USFWS","2019130205","1","2019","11","05",,,"50","N","6","6FCSABAT CNFH","V","1","4","3",,,"5000","1374",,"1374","1.01","302","4","2","0","0","0","0","1374","1374","1374","308",,,,,"0.2242",,,,"COLEMAN NFH","N"
"S","4.2","20250219","USFWS","USFWS","2019130206","1","2019","11","06",,,"50","N","6","6FCSABAT CNFH","V","1","4","3",,,"5000","533",,"533","1.01","133","6","1","0","0","0","0","533","533","533","140",,,,,"0.2627",,,,"COLEMAN NFH","N"
"S","4.2","20250219","USFWS","USFWS","2019130207","1","2019","11","07",,,"50","N","6","6FCSABAT CNFH","V","1","4","3",,,"5000","1636",,"1636","1.01","332","5","1","0","0","1","0","1636","1636","1636","339",,,,,"0.2072",,,,"COLEMAN NFH","N"
"S","4.2","20250219","USFWS","USFWS","2019130208","1","2019","11","08",,,"50","N","6","6FCSABAT CNFH","V","1","4","3",,,"5000","1129",,"1129","1","256","3","0","0","0","0","0","1129","1129","1129","259",,,,,"0.2294",,,,"COLEMAN NFH","N"
"S","4.2","20250219","USFWS","USFWS","2019130209","1","2019","11","09",,,"50","N","6","6FCSABAT CNFH","V","1","4","3",,,"5000","1377",,"1377","1.01","348","5","0","1","0","2","0","1377","1377","1377","356",,,,,"0.2585",,,,"COLEMAN NFH","N"
"S","4.2","20250219","USFWS","USFWS","2019130210","1","2019","11","10",,,"50","N","6","6FCSABAT CNFH","V","1","4","3",,,"5000","1395",,"1395","1","306","4","1","0","0","0","0","1395","1395","1395","311",,,,,"0.2229",,,,"COLEMAN NFH","N"
"S","4.2","20250219","USFWS","USFWS","2019130211","1","2019","11","11",,,"50","N","6","6FCSABAT CNFH","V","1","4","3",,,"5000","1563",,"1563","1.01","340","2","1","0","0","2","0","1563","1563","1563","345",,,,,"0.2207",,,,"COLEMAN NFH","N"
"S","4.2","20250219","USFWS","USFWS","2019130212","1","2019","11","12",,,"50","N","6","6FCSABAT CNFH","V","1","4","3",,,"5000","635",,"635","1.01","139","1","1","1","0","0","0","635","635","635","142",,,,,"0.2236",,,,"COLEMAN NFH","N"
"S","4.2","20250219","USFWS","USFWS","2019130213","1","2019","11","13",,,"50","N","6","6FCSABAT CNFH","V","1","4","3",,,"5000","659",,"659","1.02","131","2","1","0","0","1","0","659","659","659","135",,,,,"0.2049",,,,"COLEMAN NFH","N"
"S","4.2","20250219","USFWS","USFWS","2019130214","1","2019","11","14",,,"50","N","6","6FCSABAT CNFH","V","1","4","3",,,"5000","779",,"779","1.01","174","1","1","1","0","0","0","779","779","779","177",,,,,"0.2272",,,,"COLEMAN NFH","N"
"S","4.2","20250219","USFWS","USFWS","2019130215","1","2019","11","15",,,"50","N","6","6FCSABAT CNFH","V","1","4","3",,,"5000","1011",,"1011","1.01","220","5","2","0","0","0","0","1011","1011","1011","227",,,,,"0.2245",,,,"COLEMAN NFH","N"
"S","4.2","20250219","USFWS","USFWS","2019130216","1","2019","11","16",,,"50","N","6","6FCSABAT CNFH","V","1","4","3",,,"5000","755",,"755","1.01","159","4","0","1","0","1","0","755","755","755","165",,,,,"0.2185",,,,"COLEMAN NFH","N"
"S","4.2","20250219","USFWS","USFWS","2019130217","1","2019","11","17",,,"50","N","6","6FCSABAT CNFH","V","1","4","3",,,"5000","175",,"175","1","42","1","0","0","0","0","0","175","175","175","43",,,,,"0.2457",,,,"COLEMAN NFH","N"
"S","4.2","20250219","USFWS","USFWS","2019130218","1","2019","11","18",,,"50","N","6","6FCSABAT CNFH","V","1","4","3",,,"5000","52",,"52","1.08","13","0","0","0","0","1","0","52","52","52","14",,,,,"0.2692",,,,"COLEMAN NFH","N"
"S","4.2","20250219","USFWS","USFWS","2019130219","1","2019","11","19",,,"50","N","6","6FCSABAT CNFH","V","1","4","3",,,"5000","3",,"3","1","3","0","0","0","0","0","0","3","3","3","3",,,,,"1",,,,"COLEMAN NFH","N"
"S","4.2","20250219","USFWS","USFWS","2019130220","1","2019","11","20",,,"50","N","6","6FCSABAT CNFH","V","1","4","3",,,"5000","1",,"1","1","1","0","0","0","0","0","0","1","1","1","1",,,,,"1",,,,"COLEMAN NFH","N"
"S","4.2","20250219","USFWS","USFWS","2019143301","1","2019","1","01",,,"50","N","6","6FCSABAT CNFH","V","1","4","4",,,"5000","76",,"76","1.01","75","0","0","0","0","1","0","76","76","76","76",,,,,"1",,,,"COLEMAN NFH","N"
"S","4.2","20250219","USFWS","USFWS","2019170201","1","2019","11","01",,,"50","N","6","6FCSABAT CNFH","V","1","4","7",,,"5000","1",,"1","1","1","0","0","0","0","0","0","1","1","1","1",,,,,"1",,,,"COLEMAN NFH","N"
"S","4.2","20250219","USFWS","USFWS","2019170202","1","2019","11","02",,,"50","N","6","6FCSABAT CNFH","V","1","4","7",,,"5000","2",,"2","1","2","0","0","0","0","0","0","2","2","2","2",,,,,"1",,,,"COLEMAN NFH","N"
"S","4.2","20250219","USFWS","USFWS","2019170203","1","2019","11","03",,,"50","N","6","6FCSABAT CNFH","V","1","4","7",,,"5000","1",,"1","1","1","0","0","0","0","0","0","1","1","1","1",,,,,"1",,,,"COLEMAN NFH","N"
"S","4.2","20250219","USFWS","USFWS","2019170204","1","2019","11","04",,,"50","N","6","6FCSABAT CNFH","V","1","4","7",,,"5000","1",,"1","1","1","0","0","0","0","0","0","1","1","1","1",,,,,"1",,,,"COLEMAN NFH","N"
